CreditScore,Geography,Gender,Age,Tenure,Balance,NumOfProducts,HasCrCard,IsActiveMember,EstimatedSalary,Complain,Satisfaction Score,Card Type,Point Earned,Saldo_Atividade,Produtos_Idade,Score_Idade,Churn_Real,Churn_Previsto,Probabilidade_Churn
813,1,1,59,2,135078.41,1,1,0,187636.06,1,1,1,709,135078.41,0.01694915254237288,13.779661016949152,1,1,0.99993587
547,1,1,55,4,111362.76,3,1,0,16922.28,1,1,0,579,111362.76,0.05454545454545454,9.945454545454545,1,1,0.9999068
511,1,1,48,6,149726.08,1,0,0,88307.87,1,2,1,527,149726.08,0.020833333333333332,10.645833333333334,1,1,0.99990094
748,1,1,45,2,119852.01,1,0,0,73853.94,1,2,2,741,119852.01,0.022222222222222223,16.622222222222224,1,1,0.9998958
727,1,1,59,5,152581.06,1,1,0,71830.1,1,4,2,599,152581.06,0.01694915254237288,12.322033898305085,1,1,0.9998952
443,1,1,50,3,117206.3,1,1,0,42840.18,1,1,2,792,117206.3,0.02,8.86,1,1,0.9998902
720,1,1,60,9,115920.62,2,0,0,157552.08,1,1,2,274,115920.62,0.03333333333333333,12.0,1,1,0.99988866
487,1,0,61,5,110368.03,1,0,0,11384.45,1,2,0,982,110368.03,0.01639344262295082,7.983606557377049,1,1,0.9998871
663,2,1,52,0,136298.65,1,1,0,144593.3,1,2,3,548,136298.65,0.019230769230769232,12.75,1,1,0.99988484
697,1,1,43,8,103409.16,1,1,0,66893.28,1,2,1,593,103409.16,0.023255813953488372,16.209302325581394,1,1,0.9998821
518,1,1,46,4,113625.93,1,0,0,92727.42,1,2,3,734,113625.93,0.021739130434782608,11.26086956521739,1,1,0.99988186
622,1,0,58,7,116922.25,1,1,0,120415.61,1,2,1,475,116922.25,0.017241379310344827,10.724137931034482,1,1,0.9998765
793,1,1,54,2,128966.13,1,0,0,18633.4,1,5,3,835,128966.13,0.018518518518518517,14.685185185185185,1,1,0.9998745
763,0,0,53,4,0.0,1,1,0,77203.72,1,5,1,569,0.0,0.018867924528301886,14.39622641509434,1,1,0.99987066
794,1,1,57,3,117056.46,1,1,0,93336.93,1,3,1,669,117056.46,0.017543859649122806,13.929824561403509,1,1,0.99986875
705,1,0,56,2,143249.67,1,1,0,88428.41,1,3,2,613,143249.67,0.017857142857142856,12.589285714285714,1,1,0.99986494
758,1,1,68,6,112595.85,1,1,0,35865.44,1,4,1,843,112595.85,0.014705882352941176,11.147058823529411,1,1,0.9998523
841,1,0,52,3,112383.03,1,1,0,85516.37,1,4,2,778,112383.03,0.019230769230769232,16.173076923076923,1,1,0.9998456
749,0,0,60,6,0.0,1,1,0,17978.68,1,5,3,718,0.0,0.016666666666666666,12.483333333333333,1,1,0.99984515
559,0,1,49,2,147069.78,1,1,0,120540.83,1,1,0,245,147069.78,0.02040816326530612,11.408163265306122,1,1,0.99984133
625,1,0,49,4,128504.76,1,1,0,126812.63,1,2,3,583,128504.76,0.02040816326530612,12.755102040816327,1,1,0.9998398
788,1,0,49,4,137455.99,1,1,0,184178.29,1,1,3,423,137455.99,0.02040816326530612,16.081632653061224,1,1,0.99983966
659,0,0,50,3,0.0,1,1,0,183399.12,1,5,2,818,0.0,0.02,13.18,1,1,0.9998394
533,1,1,51,6,127545.56,2,0,0,79559.02,1,1,2,658,127545.56,0.0392156862745098,10.450980392156863,1,1,0.9998386
545,0,0,55,5,0.0,1,0,0,10034.77,1,5,0,524,0.0,0.01818181818181818,9.909090909090908,1,1,0.99983776
601,1,0,48,8,120782.7,1,1,0,63940.68,1,2,0,587,120782.7,0.020833333333333332,12.520833333333334,1,1,0.9998369
680,1,0,48,8,115115.38,1,1,0,139558.6,1,2,3,813,115115.38,0.020833333333333332,14.166666666666666,1,1,0.9998357
430,1,1,49,3,137115.16,1,1,0,146516.86,1,1,1,404,137115.16,0.02040816326530612,8.775510204081632,1,1,0.9998254
795,2,0,56,5,0.0,1,1,0,35418.69,1,5,2,675,0.0,0.017857142857142856,14.196428571428571,1,1,0.9998248
708,0,0,59,2,0.0,1,1,0,179673.11,1,4,3,421,0.0,0.01694915254237288,12.0,1,1,0.99981755
754,1,0,55,3,161608.81,1,1,0,8080.85,1,4,1,810,161608.81,0.01818181818181818,13.709090909090909,1,1,0.99981576
646,0,1,52,8,59669.43,1,0,0,172495.81,1,3,3,374,59669.43,0.019230769230769232,12.423076923076923,1,1,0.9998155
683,2,1,56,7,50911.21,3,0,0,97629.31,1,2,0,655,50911.21,0.05357142857142857,12.196428571428571,1,1,0.99981505
736,1,1,57,9,95295.39,1,1,0,28434.44,1,1,3,888,95295.39,0.017543859649122806,12.912280701754385,1,1,0.9998136
621,1,1,46,6,141078.37,1,0,0,34580.8,1,2,3,956,141078.37,0.021739130434782608,13.5,1,1,0.99981195
518,2,1,50,4,0.0,1,0,0,107112.25,1,2,2,225,0.0,0.02,10.36,1,1,0.9998104
617,1,0,58,3,119024.75,2,1,0,35199.24,1,2,2,452,119024.75,0.034482758620689655,10.637931034482758,1,1,0.9998053
598,0,1,48,6,120682.53,1,1,0,30635.52,1,2,1,675,120682.53,0.020833333333333332,12.458333333333334,1,1,0.9998031
535,0,0,49,3,0.0,1,0,0,61820.41,1,1,1,269,0.0,0.02040816326530612,10.918367346938776,1,1,0.99980146
691,0,1,52,3,0.0,1,1,0,175843.68,1,3,3,660,0.0,0.019230769230769232,13.288461538461538,1,1,0.999796
793,2,1,52,2,0.0,1,1,0,159123.82,1,5,1,883,0.0,0.019230769230769232,15.25,1,1,0.999795
834,0,0,49,2,131394.56,1,0,0,194365.76,1,2,1,567,131394.56,0.02040816326530612,17.020408163265305,1,1,0.9997944
551,0,1,52,1,0.0,1,0,0,63584.55,1,1,2,605,0.0,0.019230769230769232,10.596153846153847,1,1,0.99978536
811,1,1,52,10,76915.4,1,0,0,146359.81,1,2,1,488,76915.4,0.019230769230769232,15.596153846153847,1,1,0.999782
594,0,0,53,4,0.0,1,1,0,5408.74,1,2,2,985,0.0,0.018867924528301886,11.20754716981132,1,1,0.9997814
432,1,0,45,3,110219.14,1,1,0,43046.7,1,5,1,946,110219.14,0.022222222222222223,9.6,1,1,0.9997814
616,0,0,66,1,135842.41,1,1,0,183840.51,1,2,0,302,135842.41,0.015151515151515152,9.333333333333334,1,1,0.9997814
517,1,1,53,0,109172.88,1,1,0,54676.1,1,4,1,547,109172.88,0.018867924528301886,9.754716981132075,1,1,0.9997693
651,0,1,56,2,0.0,1,1,0,114522.68,1,4,1,327,0.0,0.017857142857142856,11.625,1,1,0.9997657
620,0,1,61,5,0.0,1,0,0,31641.52,1,3,1,586,0.0,0.01639344262295082,10.163934426229508,1,1,0.99976486
550,1,0,45,8,111257.59,1,0,0,97623.42,1,1,3,448,111257.59,0.022222222222222223,12.222222222222221,1,1,0.9997632
465,0,0,51,8,122522.32,1,0,0,181297.65,1,5,3,828,122522.32,0.0196078431372549,9.117647058823529,1,1,0.9997614
537,1,0,47,6,103163.35,1,1,0,16259.64,1,3,3,367,103163.35,0.02127659574468085,11.425531914893616,1,1,0.9997515
540,0,1,48,2,109349.29,1,1,0,88703.04,1,5,0,521,109349.29,0.020833333333333332,11.25,1,1,0.9997466
738,1,1,58,2,133745.44,4,1,0,28373.86,1,4,1,725,133745.44,0.06896551724137931,12.724137931034482,1,1,0.9997353
635,1,0,65,5,117325.54,1,1,0,155799.86,1,3,2,958,117325.54,0.015384615384615385,9.76923076923077,1,1,0.9997341
664,2,0,53,7,187602.18,1,1,0,186392.99,1,2,3,712,187602.18,0.018867924528301886,12.528301886792454,1,1,0.99973255
661,1,1,44,1,141136.62,1,1,0,189742.78,1,2,0,362,141136.62,0.022727272727272728,15.022727272727273,1,1,0.9997285
537,1,1,39,3,135309.36,1,1,0,31728.86,1,2,2,746,135309.36,0.02564102564102564,13.76923076923077,1,1,0.9997253
700,1,0,40,4,148571.07,1,1,0,189826.96,1,2,3,266,148571.07,0.025,17.5,1,1,0.99972504
544,2,0,53,9,0.0,1,1,0,125692.07,1,4,0,364,0.0,0.018867924528301886,10.264150943396226,1,1,0.99972254
456,0,0,63,1,165350.61,2,0,0,140758.07,1,1,3,343,165350.61,0.031746031746031744,7.238095238095238,1,1,0.9997178
622,0,1,41,2,127087.06,1,1,0,102402.91,1,2,1,675,127087.06,0.024390243902439025,15.170731707317072,1,1,0.99971694
675,0,0,61,5,62055.17,3,1,0,166305.16,1,4,2,716,62055.17,0.04918032786885246,11.065573770491802,1,1,0.9997161
766,1,1,47,9,129289.98,1,1,0,169935.46,1,4,2,286,129289.98,0.02127659574468085,16.29787234042553,1,1,0.99971503
584,0,0,66,5,0.0,1,1,0,49553.38,1,4,1,770,0.0,0.015151515151515152,8.848484848484848,1,1,0.9997147
614,0,1,50,4,137104.47,1,1,0,127166.49,1,1,0,958,137104.47,0.02,12.28,1,1,0.9997123
645,1,1,43,9,140121.17,1,1,0,11302.7,1,1,0,752,140121.17,0.023255813953488372,15.0,1,1,0.9997012
638,1,0,53,1,123916.67,1,1,0,16657.68,1,3,0,639,123916.67,0.018867924528301886,12.037735849056604,1,1,0.99969447
351,1,0,57,4,163146.46,1,1,0,169621.69,1,4,3,453,163146.46,0.017543859649122806,6.157894736842105,1,1,0.9996904
535,2,1,48,9,109472.47,1,1,0,157358.43,1,2,1,415,109472.47,0.020833333333333332,11.145833333333334,1,1,0.999689
642,1,0,56,6,103244.86,2,1,0,143049.72,1,4,2,918,103244.86,0.03571428571428571,11.464285714285714,1,1,0.99968874
624,0,0,45,3,68639.57,1,1,0,168002.31,1,2,0,553,68639.57,0.022222222222222223,13.866666666666667,1,1,0.99968326
517,1,0,59,8,154110.99,2,1,0,101240.08,1,1,0,872,154110.99,0.03389830508474576,8.76271186440678,1,1,0.99968004
603,0,1,51,8,186825.57,1,1,0,93739.71,1,2,2,645,186825.57,0.0196078431372549,11.823529411764707,1,1,0.99967504
686,2,1,45,3,74274.87,3,1,0,64907.48,1,4,1,228,74274.87,0.06666666666666667,15.244444444444444,1,1,0.9996731
651,0,1,44,2,0.0,3,1,0,102530.35,1,2,1,992,0.0,0.06818181818181818,14.795454545454545,1,1,0.99966514
727,1,1,46,3,115248.11,4,1,0,130752.01,1,3,0,343,115248.11,0.08695652173913043,15.804347826086957,1,1,0.9996636
612,2,0,63,2,131629.17,2,1,0,122109.58,1,4,3,642,131629.17,0.031746031746031744,9.714285714285714,1,1,0.999663
608,0,1,50,6,0.0,1,1,0,93568.77,1,4,3,343,0.0,0.02,12.16,1,1,0.99966156
760,0,0,51,2,100946.71,1,0,0,179614.8,1,4,0,550,100946.71,0.0196078431372549,14.901960784313726,1,1,0.9996561
587,1,0,49,7,155393.98,2,1,0,13308.2,1,1,0,318,155393.98,0.04081632653061224,11.979591836734693,1,1,0.9996525
626,0,1,43,4,137638.69,1,1,0,130442.08,1,2,1,560,137638.69,0.023255813953488372,14.55813953488372,1,1,0.99964464
531,0,0,47,6,0.0,1,0,0,194998.34,1,2,3,510,0.0,0.02127659574468085,11.297872340425531,1,1,0.999642
651,1,0,45,6,86714.06,1,1,0,85869.89,1,2,2,773,86714.06,0.022222222222222223,14.466666666666667,1,1,0.9996407
505,2,0,45,9,131355.3,3,1,0,195395.33,1,2,2,661,131355.3,0.06666666666666667,11.222222222222221,1,1,0.99963737
469,1,0,52,8,139493.25,3,0,0,150093.32,1,4,1,642,139493.25,0.057692307692307696,9.01923076923077,1,1,0.9996363
603,0,0,48,5,0.0,1,1,0,100478.6,1,2,2,709,0.0,0.020833333333333332,12.5625,1,1,0.9996339
627,0,1,44,6,153548.12,1,0,0,35300.08,1,2,0,740,153548.12,0.022727272727272728,14.25,1,1,0.9996331
585,2,0,56,1,128472.8,1,1,0,186476.91,1,2,1,815,128472.8,0.017857142857142856,10.446428571428571,1,1,0.9996263
850,2,0,53,7,65407.16,2,0,0,182633.63,1,1,2,480,65407.16,0.03773584905660377,16.037735849056602,1,1,0.9996259
655,1,0,46,7,137145.12,1,1,0,115146.4,1,4,1,591,137145.12,0.021739130434782608,14.23913043478261,1,1,0.9996214
478,0,0,50,2,0.0,1,0,1,93332.64,1,4,1,339,0.0,0.02,9.56,1,1,0.999617
706,1,0,46,4,105214.58,1,1,0,108699.59,1,3,2,635,105214.58,0.021739130434782608,15.347826086956522,1,1,0.9996166
834,1,0,57,8,112281.6,3,1,0,140225.14,1,3,1,597,112281.6,0.05263157894736842,14.631578947368421,1,1,0.9996137
672,0,1,52,8,170008.84,1,0,0,56407.42,1,4,3,555,170008.84,0.019230769230769232,12.923076923076923,1,1,0.99960977
588,0,1,44,8,154409.74,1,1,0,49324.03,1,1,0,736,154409.74,0.022727272727272728,13.363636363636363,1,1,0.9996076
799,0,0,63,1,110314.21,2,1,0,37464.0,1,3,1,982,110314.21,0.031746031746031744,12.682539682539682,1,1,0.999602
779,0,0,48,2,115290.27,1,0,0,98912.69,1,3,3,700,115290.27,0.020833333333333332,16.229166666666668,1,1,0.99960047
713,2,0,48,1,163760.82,1,0,0,157381.14,1,2,0,239,163760.82,0.020833333333333332,14.854166666666666,1,1,0.9995989
629,1,0,45,7,129818.39,3,1,0,9217.55,1,3,2,257,129818.39,0.06666666666666667,13.977777777777778,1,1,0.99959534
634,1,0,46,5,123642.36,1,1,1,49725.16,1,1,2,751,61821.18,0.021739130434782608,13.782608695652174,1,1,0.99959356
656,1,0,49,9,97092.87,1,1,0,74771.22,1,4,1,891,97092.87,0.02040816326530612,13.387755102040817,1,1,0.99959105
689,2,0,57,4,0.0,2,1,0,136649.8,1,2,1,909,0.0,0.03508771929824561,12.087719298245615,1,1,0.9995864
555,0,0,44,3,105770.7,3,1,0,60533.96,1,4,0,902,105770.7,0.06818181818181818,12.613636363636363,1,1,0.9995828
849,1,0,49,9,132934.89,1,1,0,171056.65,1,4,1,285,132934.89,0.02040816326530612,17.3265306122449,1,1,0.9995808
686,2,0,47,6,0.0,1,1,0,32080.69,1,3,2,510,0.0,0.02127659574468085,14.595744680851064,1,1,0.9995782
569,1,0,42,9,146100.75,1,1,0,32574.01,1,2,2,812,146100.75,0.023809523809523808,13.547619047619047,1,1,0.99957126
627,1,0,39,5,124586.93,1,1,0,93132.61,1,2,0,265,124586.93,0.02564102564102564,16.076923076923077,1,1,0.99957055
542,0,0,59,2,68892.77,2,1,0,7905.06,1,5,0,442,68892.77,0.03389830508474576,9.186440677966102,1,1,0.9995695
647,1,1,44,4,93960.35,1,1,0,36579.53,1,2,3,417,93960.35,0.022727272727272728,14.704545454545455,1,1,0.99956924
556,0,0,51,8,61354.14,1,1,0,198810.65,1,4,1,647,61354.14,0.0196078431372549,10.901960784313726,1,1,0.99956733
618,0,0,46,6,150213.71,1,1,0,120668.46,1,2,2,955,150213.71,0.021739130434782608,13.434782608695652,1,1,0.99956304
507,1,1,40,3,120105.43,1,1,0,92075.01,1,5,2,787,120105.43,0.025,12.675,1,1,0.99956053
664,0,1,46,2,0.0,1,1,1,177423.02,1,5,2,816,0.0,0.021739130434782608,14.434782608695652,1,1,0.9995528
612,1,0,47,6,130024.87,1,1,1,45750.21,1,4,2,705,65012.435,0.02127659574468085,13.02127659574468,1,1,0.9995521
718,0,0,49,10,0.0,1,1,0,184474.72,1,2,2,692,0.0,0.02040816326530612,14.653061224489797,1,1,0.9995493
693,1,0,43,1,121927.92,1,1,0,87994.95,1,4,1,572,121927.92,0.023255813953488372,16.11627906976744,1,1,0.99954635
509,0,0,46,1,0.0,1,1,0,71244.59,1,2,0,264,0.0,0.021739130434782608,11.065217391304348,1,1,0.9995455
768,2,0,42,3,0.0,1,0,0,161242.99,1,1,3,651,0.0,0.023809523809523808,18.285714285714285,1,1,0.99954295
664,0,1,54,8,0.0,1,1,1,162719.69,1,5,3,742,0.0,0.018518518518518517,12.296296296296296,1,1,0.99953604
350,0,0,60,3,0.0,1,0,0,113796.15,1,1,3,958,0.0,0.016666666666666666,5.833333333333333,1,1,0.99953425
707,2,0,52,7,0.0,1,1,0,109688.82,1,1,3,533,0.0,0.019230769230769232,13.596153846153847,1,1,0.99951684
496,1,0,59,7,91680.1,2,1,0,163141.18,1,4,1,609,91680.1,0.03389830508474576,8.40677966101695,1,1,0.99951196
580,1,1,45,8,103741.14,1,1,0,47428.73,1,4,1,799,103741.14,0.022222222222222223,12.88888888888889,1,1,0.99950767
832,0,1,61,2,0.0,1,0,1,127804.66,1,2,0,748,0.0,0.01639344262295082,13.639344262295081,1,1,0.99950635
575,1,1,49,7,121205.15,4,1,1,168080.53,1,2,0,227,60602.575,0.08163265306122448,11.73469387755102,1,1,0.9995053
655,0,0,41,5,0.0,1,0,0,36548.0,1,2,0,945,0.0,0.024390243902439025,15.975609756097562,1,1,0.99950397
621,1,1,51,4,109978.83,1,0,0,177740.58,1,3,3,387,109978.83,0.0196078431372549,12.176470588235293,1,1,0.999498
798,1,0,49,5,132571.67,1,1,1,31686.33,1,2,0,863,66285.835,0.02040816326530612,16.285714285714285,1,1,0.99949265
614,0,1,46,4,0.0,1,1,0,74379.57,1,5,0,445,0.0,0.021739130434782608,13.347826086956522,1,1,0.9994879
520,0,0,46,10,85216.61,1,1,0,117369.52,1,1,1,669,85216.61,0.021739130434782608,11.304347826086957,1,1,0.9994862
643,0,0,45,4,45144.43,1,1,0,60917.24,1,5,0,450,45144.43,0.022222222222222223,14.28888888888889,1,1,0.9994803
466,1,0,47,5,102085.72,1,1,1,183536.24,1,2,1,692,51042.86,0.02127659574468085,9.914893617021276,1,1,0.9994758
576,0,0,41,4,112609.91,1,0,0,191035.18,1,4,3,660,112609.91,0.024390243902439025,14.048780487804878,1,1,0.9994661
530,0,0,55,4,120905.03,1,0,1,123475.88,1,5,0,746,60452.515,0.01818181818181818,9.636363636363637,1,1,0.9994653
569,2,0,51,3,0.0,3,1,0,75084.96,1,2,3,411,0.0,0.058823529411764705,11.156862745098039,1,1,0.9994573
597,0,0,53,4,88381.21,1,1,0,69384.71,1,3,1,369,88381.21,0.018867924528301886,11.264150943396226,1,1,0.9994572
576,0,0,55,6,44582.07,3,0,1,67539.85,1,3,1,619,22291.035,0.05454545454545454,10.472727272727273,1,1,0.99943644
700,0,1,46,5,95872.86,1,1,0,98273.01,1,5,0,509,95872.86,0.021739130434782608,15.217391304347826,1,1,0.9994343
713,2,0,47,1,0.0,1,1,0,107825.08,1,5,0,571,0.0,0.02127659574468085,15.170212765957446,1,1,0.9994282
642,0,1,48,9,118317.27,4,0,0,78702.98,1,1,0,912,118317.27,0.08333333333333333,13.375,1,1,0.999428
651,2,0,46,4,89743.05,1,1,0,156425.57,1,5,2,860,89743.05,0.021739130434782608,14.152173913043478,1,1,0.9994179
728,0,0,46,2,109705.52,1,1,0,20276.87,1,5,2,469,109705.52,0.021739130434782608,15.826086956521738,1,1,0.99941707
722,0,0,49,3,168197.66,1,1,0,140765.57,1,1,3,383,168197.66,0.02040816326530612,14.73469387755102,1,1,0.9994074
610,1,0,69,5,86038.21,3,0,0,192743.06,1,1,0,613,86038.21,0.043478260869565216,8.840579710144928,1,1,0.99940217
550,1,0,42,10,128707.31,1,1,0,63092.65,1,4,2,337,128707.31,0.023809523809523808,13.095238095238095,1,1,0.9993913
617,2,1,50,7,0.0,1,1,0,184839.7,1,3,2,488,0.0,0.02,12.34,1,1,0.9993857
547,2,0,44,5,0.0,3,0,0,5459.07,1,1,0,471,0.0,0.06818181818181818,12.431818181818182,1,1,0.9993794
588,1,0,48,1,143279.58,2,1,0,31580.8,1,2,2,914,143279.58,0.041666666666666664,12.25,1,1,0.99937785
850,1,0,45,5,103909.86,1,1,0,60083.11,1,5,0,312,103909.86,0.022222222222222223,18.88888888888889,1,1,0.9993772
539,0,0,47,2,127286.04,2,1,1,166929.43,1,1,0,551,63643.02,0.0425531914893617,11.46808510638298,1,1,0.99937123
699,1,0,54,3,111009.32,1,1,1,155905.79,1,5,0,241,55504.66,0.018518518518518517,12.944444444444445,1,1,0.99936885
556,0,0,43,6,0.0,3,0,0,125154.57,1,4,1,877,0.0,0.06976744186046512,12.930232558139535,1,1,0.99935764
783,1,0,58,3,127539.3,1,1,1,96590.39,1,5,3,270,63769.65,0.017241379310344827,13.5,1,1,0.99934775
552,1,0,42,8,103362.14,1,0,1,186869.58,1,2,0,492,51681.07,0.023809523809523808,13.142857142857142,1,1,0.9993357
500,0,1,56,1,100374.58,1,1,0,118490.8,1,4,0,950,100374.58,0.017857142857142856,8.928571428571429,1,1,0.9993333
586,1,1,46,8,106968.96,1,1,1,79366.98,1,4,2,827,53484.48,0.021739130434782608,12.73913043478261,1,1,0.9993292
476,0,1,37,4,0.0,1,1,1,55775.84,1,1,2,649,0.0,0.02702702702702703,12.864864864864865,1,1,0.9993229
756,2,1,38,6,119208.85,1,1,0,169763.89,1,1,0,257,119208.85,0.02631578947368421,19.894736842105264,1,1,0.9993125
703,2,0,45,1,0.0,1,1,0,182784.11,1,2,3,919,0.0,0.022222222222222223,15.622222222222222,1,1,0.9993094
526,2,1,49,2,0.0,1,1,0,114539.67,1,2,0,948,0.0,0.02040816326530612,10.73469387755102,1,1,0.99929106
738,0,1,54,4,0.0,1,0,1,55725.04,1,4,2,444,0.0,0.018518518518518517,13.666666666666666,1,1,0.99929094
817,0,1,44,8,0.0,1,0,0,65501.91,1,5,0,681,0.0,0.022727272727272728,18.568181818181817,1,1,0.99928206
530,0,0,45,1,0.0,1,0,1,190663.89,1,2,2,695,0.0,0.022222222222222223,11.777777777777779,1,1,0.99928135
581,0,0,47,1,122949.14,1,0,0,180251.68,1,2,0,983,122949.14,0.02127659574468085,12.361702127659575,1,1,0.99928075
549,1,1,36,6,139422.37,1,0,0,83983.39,1,1,1,720,139422.37,0.027777777777777776,15.25,1,1,0.99928063
703,0,0,51,3,0.0,3,1,1,77294.56,1,2,0,924,0.0,0.058823529411764705,13.784313725490197,1,1,0.99927706
677,2,1,56,5,123959.97,1,1,1,60590.72,1,1,0,809,61979.985,0.017857142857142856,12.089285714285714,1,1,0.99927396
573,2,1,46,3,65269.23,1,0,1,189988.65,1,4,1,521,32634.615,0.021739130434782608,12.456521739130435,1,1,0.9992725
593,1,0,39,8,151391.68,1,1,0,27274.6,1,2,3,246,151391.68,0.02564102564102564,15.205128205128204,1,1,0.9992706
669,0,1,50,4,149713.61,3,1,1,124872.42,1,4,2,329,74856.805,0.06,13.38,1,1,0.99926823
604,0,0,53,2,121389.78,1,1,1,48201.64,1,1,2,428,60694.89,0.018867924528301886,11.39622641509434,1,1,0.9992638
764,1,0,39,9,138341.51,1,1,0,50072.94,1,2,1,699,138341.51,0.02564102564102564,19.58974358974359,1,1,0.99925953
650,2,1,41,3,128808.65,3,0,0,113677.53,1,2,0,676,128808.65,0.07317073170731707,15.853658536585366,1,1,0.99925345
698,2,1,45,5,164450.94,1,1,0,141970.02,1,3,3,347,164450.94,0.022222222222222223,15.511111111111111,1,1,0.99925214
629,0,0,40,9,137409.19,1,1,0,175877.7,1,4,0,877,137409.19,0.025,15.725,1,1,0.9992384
595,0,1,46,10,0.0,1,1,0,73489.15,1,4,3,273,0.0,0.021739130434782608,12.934782608695652,1,1,0.99923587
620,0,0,70,3,87926.24,2,1,0,33350.26,1,3,3,909,87926.24,0.02857142857142857,8.857142857142858,1,1,0.9992316
817,1,1,45,9,101207.75,1,0,0,88211.12,1,2,3,847,101207.75,0.022222222222222223,18.155555555555555,1,1,0.99921954
565,1,0,58,3,108888.24,3,0,1,135875.51,1,3,2,936,54444.12,0.05172413793103448,9.741379310344827,1,1,0.9992193
742,1,0,44,8,107926.02,1,0,1,17375.27,1,1,0,696,53963.01,0.022727272727272728,16.863636363636363,1,1,0.9992105
611,0,0,61,3,131583.59,4,0,1,66238.23,1,3,2,755,65791.795,0.06557377049180328,10.01639344262295,1,1,0.99921
850,0,0,42,8,0.0,1,1,0,19632.64,1,5,0,366,0.0,0.023809523809523808,20.238095238095237,1,1,0.9992077
548,0,0,46,1,0.0,1,1,1,104469.06,1,4,3,842,0.0,0.021739130434782608,11.91304347826087,1,1,0.99920577
690,1,0,54,1,144027.8,1,1,1,108731.02,1,5,3,480,72013.9,0.018518518518518517,12.777777777777779,1,1,0.9992053
547,1,0,42,1,142703.4,1,1,0,86207.49,1,5,2,731,142703.4,0.023809523809523808,13.023809523809524,1,1,0.99919826
593,1,0,48,3,133903.12,2,1,1,85902.39,1,5,2,593,66951.56,0.041666666666666664,12.354166666666666,1,1,0.99917537
754,0,1,61,5,146622.35,1,1,1,41815.22,1,4,0,687,73311.175,0.01639344262295082,12.360655737704919,1,1,0.9991522
601,0,1,39,3,72647.64,1,1,0,41777.9,1,4,1,809,72647.64,0.02564102564102564,15.41025641025641,1,1,0.99913824
601,0,0,43,2,0.0,1,1,0,49713.87,1,3,2,732,0.0,0.023255813953488372,13.976744186046512,1,1,0.99913496
785,0,0,39,1,130147.98,1,1,0,163798.41,1,1,3,526,130147.98,0.02564102564102564,20.128205128205128,1,1,0.9991215
675,0,1,49,8,135133.39,1,0,1,179521.24,1,4,1,229,67566.695,0.02040816326530612,13.775510204081632,1,1,0.9991109
758,0,0,50,2,95813.76,3,1,1,67944.09,1,2,2,525,47906.88,0.06,15.16,1,1,0.99911064
738,2,1,49,3,0.0,3,1,1,65066.48,1,2,2,460,0.0,0.061224489795918366,15.061224489795919,1,1,0.9991098
618,0,1,56,7,0.0,1,1,1,142400.27,1,5,0,444,0.0,0.017857142857142856,11.035714285714286,1,1,0.9991068
595,0,0,53,7,0.0,2,1,0,41371.68,1,3,0,327,0.0,0.03773584905660377,11.226415094339623,1,1,0.9991061
706,1,0,46,7,111288.18,1,1,1,149170.25,1,2,0,862,55644.09,0.021739130434782608,15.347826086956522,1,1,0.99910045
740,0,1,44,9,0.0,1,0,1,96528.0,1,2,0,703,0.0,0.022727272727272728,16.818181818181817,1,1,0.9990885
638,1,1,42,8,145177.84,1,1,0,193471.74,1,4,2,798,145177.84,0.023809523809523808,15.19047619047619,1,1,0.99907327
567,0,0,47,2,0.0,1,0,0,110900.43,1,5,0,545,0.0,0.02127659574468085,12.063829787234043,1,1,0.9990539
386,2,0,53,1,131955.07,1,1,1,62514.65,1,5,1,676,65977.535,0.018867924528301886,7.283018867924528,1,1,0.9990441
581,1,1,50,2,143829.2,2,1,0,181224.24,1,5,0,805,143829.2,0.04,11.62,1,1,0.999042
731,0,1,43,2,0.0,1,1,1,170034.95,1,2,0,777,0.0,0.023255813953488372,17.0,1,1,0.9990338
670,1,1,40,2,164948.98,3,0,0,177028.0,1,3,3,955,164948.98,0.075,16.75,1,1,0.9990314
543,0,1,42,4,89838.71,3,1,0,85983.54,1,3,0,660,89838.71,0.07142857142857142,12.928571428571429,1,1,0.99902594
668,1,1,47,7,106854.21,1,0,1,157959.02,1,3,1,629,53427.105,0.02127659574468085,14.212765957446809,1,1,0.99902344
604,1,0,47,4,118907.6,1,0,1,47777.15,1,3,2,808,59453.8,0.02127659574468085,12.851063829787234,1,1,0.99902093
468,0,0,56,10,0.0,3,0,1,62256.87,1,3,2,547,0.0,0.05357142857142857,8.357142857142858,1,1,0.99901867
505,1,0,33,3,106506.77,3,1,0,45445.78,1,5,1,683,106506.77,0.09090909090909091,15.303030303030303,1,1,0.99901605
792,0,1,50,9,0.0,4,1,1,194700.81,1,4,0,369,0.0,0.08,15.84,1,1,0.9990133
350,0,1,51,10,0.0,1,1,1,125823.79,1,4,1,383,0.0,0.0196078431372549,6.862745098039215,1,1,0.9990107
529,0,0,43,0,123815.86,1,1,1,78463.99,1,5,0,703,61907.93,0.023255813953488372,12.30232558139535,1,1,0.99900216
475,0,1,39,6,0.0,1,1,1,56999.9,1,1,1,388,0.0,0.02564102564102564,12.179487179487179,1,1,0.99900013
670,0,0,45,9,104930.38,1,1,0,155921.81,1,3,2,720,104930.38,0.022222222222222223,14.88888888888889,1,1,0.9989981
621,0,0,50,5,0.0,2,1,0,191756.54,1,5,0,344,0.0,0.04,12.42,1,1,0.9989938
626,0,0,52,0,0.0,2,1,0,32159.46,1,3,3,959,0.0,0.038461538461538464,12.038461538461538,1,1,0.9989845
591,0,0,56,9,128882.49,1,1,1,196241.94,1,2,0,658,64441.245,0.017857142857142856,10.553571428571429,1,1,0.99898046
738,2,1,44,2,0.0,2,1,0,43018.82,1,5,2,546,0.0,0.045454545454545456,16.772727272727273,1,1,0.9989755
850,1,1,42,8,119839.69,1,0,1,51016.02,1,2,1,303,59919.845,0.023809523809523808,20.238095238095237,1,1,0.99896634
616,2,0,43,3,120867.18,1,1,0,18761.92,1,4,0,386,120867.18,0.023255813953488372,14.325581395348838,1,1,0.9989569
714,0,0,51,4,88308.87,3,0,0,5862.53,1,3,1,738,88308.87,0.058823529411764705,14.0,1,1,0.9989507
587,1,1,46,9,107850.82,1,1,0,139431.0,1,3,3,744,107850.82,0.021739130434782608,12.76086956521739,1,1,0.99895006
803,0,1,42,5,0.0,1,1,0,196466.83,1,1,1,534,0.0,0.023809523809523808,19.11904761904762,1,1,0.9989421
713,1,0,38,7,144606.22,1,1,1,56594.36,1,1,3,656,72303.11,0.02631578947368421,18.763157894736842,1,1,0.99893993
570,1,1,38,1,127201.58,1,1,0,147168.28,1,2,2,509,127201.58,0.02631578947368421,15.0,1,1,0.9989347
569,0,1,41,4,120243.49,1,1,0,163150.03,1,5,2,399,120243.49,0.024390243902439025,13.878048780487806,1,1,0.99892235
661,2,0,42,9,75361.44,1,1,0,27608.12,1,2,2,828,75361.44,0.023809523809523808,15.738095238095237,1,1,0.9989157
712,0,1,36,2,100749.5,3,0,0,70758.37,1,2,2,291,100749.5,0.08333333333333333,19.77777777777778,1,1,0.99891496
655,2,1,38,3,250898.09,3,0,1,81054.0,1,1,3,336,125449.045,0.07894736842105263,17.236842105263158,1,1,0.9989054
713,0,0,52,0,185891.54,1,1,1,46369.57,1,4,2,544,92945.77,0.019230769230769232,13.711538461538462,1,1,0.9988996
483,1,1,41,1,118334.44,1,0,0,163147.99,1,3,3,985,118334.44,0.024390243902439025,11.78048780487805,1,1,0.9988586
532,0,1,42,1,159024.71,1,1,0,100982.93,1,5,1,564,159024.71,0.023809523809523808,12.666666666666666,1,1,0.9988207
740,1,0,36,4,109044.6,1,0,0,94554.74,1,2,0,887,109044.6,0.027777777777777776,20.555555555555557,1,1,0.99879575
510,2,0,38,4,0.0,1,1,0,118913.53,1,2,0,887,0.0,0.02631578947368421,13.421052631578947,1,1,0.998793
789,0,0,53,1,158271.74,1,1,1,5036.39,1,1,3,296,79135.87,0.018867924528301886,14.88679245283019,1,1,0.9987882
445,1,0,48,7,168286.58,1,1,0,16645.77,1,5,0,938,168286.58,0.020833333333333332,9.270833333333334,1,1,0.9987684
779,0,1,71,3,0.0,2,1,1,146895.36,1,1,2,858,0.0,0.028169014084507043,10.971830985915492,1,1,0.9987633
737,1,0,43,1,125537.38,1,1,0,138510.01,1,2,1,316,125537.38,0.023255813953488372,17.13953488372093,1,1,0.9987562
460,1,0,40,6,119507.58,2,1,0,91560.63,1,5,3,766,119507.58,0.05,11.5,1,1,0.9987477
636,1,1,67,7,136709.35,1,0,1,66753.1,1,5,2,756,68354.675,0.014925373134328358,9.492537313432836,1,1,0.99872905
698,0,1,57,6,136325.48,2,1,1,72549.27,1,2,0,687,68162.74,0.03508771929824561,12.24561403508772,1,1,0.9986992
498,1,1,42,3,152039.7,1,1,1,53445.17,1,3,1,790,76019.85,0.023809523809523808,11.857142857142858,1,1,0.9986822
724,0,1,40,10,0.0,1,1,0,127847.25,1,5,1,699,0.0,0.025,18.1,1,1,0.9986712
686,0,1,41,5,128876.71,3,1,1,106939.34,1,5,0,339,64438.355,0.07317073170731707,16.73170731707317,1,1,0.9986564
850,1,1,43,0,108508.82,3,1,0,184044.8,1,5,2,721,108508.82,0.06976744186046512,19.767441860465116,1,1,0.99864477
659,1,1,67,6,117411.6,1,1,1,45071.09,1,2,3,815,58705.8,0.014925373134328358,9.835820895522389,1,1,0.9986333
597,2,0,46,4,0.0,2,1,0,58667.16,1,5,3,666,0.0,0.043478260869565216,12.978260869565217,1,1,0.99861705
844,2,1,56,5,99529.7,1,0,1,157230.06,1,1,2,293,49764.85,0.017857142857142856,15.071428571428571,1,1,0.99861026
840,1,0,51,1,87779.83,1,0,1,36687.11,1,4,1,995,43889.915,0.0196078431372549,16.470588235294116,1,1,0.9986028
658,0,1,42,8,102870.93,1,0,1,103764.55,1,4,2,811,51435.465,0.023809523809523808,15.666666666666666,1,1,0.99859744
608,2,0,63,3,139529.93,2,1,1,175696.16,1,2,1,961,69764.965,0.031746031746031744,9.65079365079365,1,1,0.99857235
589,0,0,59,2,0.0,2,1,1,126160.24,1,4,3,292,0.0,0.03389830508474576,9.983050847457626,1,1,0.998558
774,0,1,53,4,113709.28,1,1,1,153887.93,1,3,2,616,56854.64,0.018867924528301886,14.60377358490566,1,1,0.9985531
672,0,0,40,3,0.0,1,1,0,113171.61,1,5,1,755,0.0,0.025,16.8,1,1,0.9985368
407,2,1,37,1,0.0,1,1,1,49161.12,1,1,1,900,0.0,0.02702702702702703,11.0,1,1,0.99851376
743,1,1,59,5,108585.35,1,1,1,192127.22,1,5,3,431,54292.675,0.01694915254237288,12.59322033898305,1,1,0.99851006
750,0,0,37,6,0.0,1,1,1,117948.0,1,2,1,298,0.0,0.02702702702702703,20.27027027027027,1,1,0.99849343
735,0,0,38,1,0.0,3,0,0,92220.12,1,5,3,678,0.0,0.07894736842105263,19.342105263157894,1,1,0.99849296
665,1,0,51,9,110610.41,2,0,1,1112.76,1,2,1,843,55305.205,0.0392156862745098,13.03921568627451,1,1,0.99848735
706,0,0,23,5,0.0,1,0,0,164128.41,1,2,1,620,0.0,0.043478260869565216,30.695652173913043,1,1,0.99846447
663,1,0,36,6,77253.5,1,0,0,35817.97,1,5,2,944,77253.5,0.027777777777777776,18.416666666666668,1,1,0.998458
842,1,0,35,9,119948.09,1,1,0,48217.97,1,4,2,732,119948.09,0.02857142857142857,24.057142857142857,1,1,0.99845505
590,2,0,51,3,154962.99,3,0,1,191932.27,1,1,3,759,77481.495,0.058823529411764705,11.568627450980392,1,1,0.9984535
785,0,0,38,1,0.0,1,1,0,134964.85,1,3,0,526,0.0,0.02631578947368421,20.657894736842106,1,1,0.9984491
724,2,0,41,4,142880.28,3,0,0,185541.2,1,5,3,905,142880.28,0.07317073170731707,17.658536585365855,1,1,0.99843436
762,1,1,56,10,100260.88,3,1,1,77142.42,1,1,0,721,50130.44,0.05357142857142857,13.607142857142858,1,1,0.998429
623,0,1,45,0,0.0,1,1,0,196533.72,1,2,3,679,0.0,0.022222222222222223,13.844444444444445,1,1,0.99842286
601,0,0,43,8,0.0,3,0,1,110916.15,1,4,3,343,0.0,0.06976744186046512,13.976744186046512,1,1,0.99842095
616,0,1,44,5,102016.38,1,0,1,178235.37,1,4,1,830,51008.19,0.022727272727272728,14.0,1,1,0.9984169
778,1,0,29,6,150358.97,1,1,0,62454.01,1,4,0,371,150358.97,0.034482758620689655,26.82758620689655,1,1,0.9984113
828,2,1,47,1,109876.82,2,1,0,83611.45,1,3,3,829,109876.82,0.0425531914893617,17.617021276595743,1,1,0.99840266
749,2,1,34,2,0.0,1,0,0,174189.04,1,1,2,653,0.0,0.029411764705882353,22.029411764705884,1,1,0.9983967
636,0,0,48,1,170833.46,1,1,0,110510.28,1,1,2,654,170833.46,0.020833333333333332,13.25,1,1,0.9983943
661,1,1,37,7,109908.06,2,1,0,115037.67,1,2,3,311,109908.06,0.05405405405405406,17.864864864864863,1,1,0.9983854
711,2,1,42,3,177626.77,3,0,1,16392.72,1,1,2,788,88813.385,0.07142857142857142,16.928571428571427,1,1,0.9983766
507,1,1,36,9,118214.32,3,1,0,119110.03,1,3,1,447,118214.32,0.08333333333333333,14.083333333333334,1,1,0.9983708
699,0,0,43,3,80764.03,1,1,0,199378.58,1,3,2,490,80764.03,0.023255813953488372,16.25581395348837,1,1,0.9983693
591,2,0,39,3,0.0,3,1,0,140469.38,1,3,0,298,0.0,0.07692307692307693,15.153846153846153,1,1,0.9983346
610,2,0,50,5,130554.51,3,1,0,184758.17,1,2,3,821,130554.51,0.06,12.2,1,1,0.9983322
569,2,0,42,1,0.0,1,1,1,83629.6,1,2,2,748,0.0,0.023809523809523808,13.547619047619047,1,1,0.99831843
703,1,1,39,1,141559.5,1,1,1,31257.1,1,2,1,589,70779.75,0.02564102564102564,18.025641025641026,1,1,0.9982962
513,0,1,35,8,0.0,1,1,0,76640.29,1,4,1,276,0.0,0.02857142857142857,14.657142857142857,1,1,0.99828243
598,0,0,40,9,0.0,1,1,0,68462.59,1,3,0,324,0.0,0.025,14.95,1,1,0.99825686
598,0,0,43,5,0.0,3,1,1,100722.72,1,1,3,858,0.0,0.06976744186046512,13.906976744186046,1,1,0.99823725
574,2,1,36,4,77967.5,1,1,0,167066.95,1,1,0,929,77967.5,0.027777777777777776,15.944444444444445,1,1,0.9981858
654,0,1,32,9,121455.65,1,1,0,190068.53,1,2,1,295,121455.65,0.03125,20.4375,1,1,0.9981766
673,2,1,43,8,127132.96,1,0,1,6009.27,1,2,3,831,63566.48,0.023255813953488372,15.651162790697674,1,1,0.998171
627,0,0,44,5,0.0,2,1,0,82969.61,1,5,3,396,0.0,0.045454545454545456,14.25,1,1,0.9981629
650,2,0,30,6,0.0,1,0,0,67997.13,1,4,1,963,0.0,0.03333333333333333,21.666666666666668,1,1,0.99816173
601,1,1,42,1,98495.72,1,1,0,40014.76,1,2,0,225,98495.72,0.023809523809523808,14.30952380952381,1,1,0.9981602
694,2,0,35,7,0.0,1,1,0,133570.43,1,4,3,296,0.0,0.02857142857142857,19.82857142857143,1,1,0.9981542
727,2,1,43,2,97403.18,1,1,1,107415.02,1,1,1,612,48701.59,0.023255813953488372,16.906976744186046,1,1,0.9981408
670,2,0,65,1,0.0,1,1,1,177655.68,1,2,1,915,0.0,0.015384615384615385,10.307692307692308,1,1,0.99813914
817,1,0,46,0,89087.89,1,0,1,87941.85,1,1,3,788,44543.945,0.021739130434782608,17.76086956521739,1,1,0.99813545
579,1,1,42,0,144386.32,1,1,1,22497.1,1,2,3,799,72193.16,0.023809523809523808,13.785714285714286,1,1,0.998123
536,0,0,35,8,0.0,1,1,0,171840.24,1,1,3,418,0.0,0.02857142857142857,15.314285714285715,1,1,0.9981116
807,0,1,43,1,105799.32,2,1,0,34888.04,1,4,0,924,105799.32,0.046511627906976744,18.767441860465116,1,1,0.99810046
563,1,1,41,2,100520.92,1,1,1,19412.8,1,5,0,271,50260.46,0.024390243902439025,13.731707317073171,1,1,0.9980837
673,0,0,43,5,168069.73,1,1,1,146992.24,1,4,1,732,84034.865,0.023255813953488372,15.651162790697674,1,1,0.99805474
595,2,1,35,8,0.0,1,1,0,100015.79,1,1,3,645,0.0,0.02857142857142857,17.0,1,1,0.99803895
649,1,0,37,8,114737.26,1,1,1,106655.88,1,1,0,381,57368.63,0.02702702702702703,17.54054054054054,1,1,0.99801683
651,1,1,40,1,134760.21,2,0,0,174434.06,1,4,3,741,134760.21,0.05,16.275,1,1,0.99799013
625,0,1,49,6,173434.9,1,1,0,165580.93,1,3,3,835,173434.9,0.02040816326530612,12.755102040816327,1,1,0.99797314
481,0,1,44,9,175303.06,1,1,0,65500.53,1,4,2,408,175303.06,0.022727272727272728,10.931818181818182,1,1,0.9979665
850,0,1,33,10,0.0,1,1,0,4861.72,1,1,3,359,0.0,0.030303030303030304,25.757575757575758,1,1,0.99794704
684,1,1,42,1,117691.0,1,1,1,23135.65,1,5,0,653,58845.5,0.023809523809523808,16.285714285714285,1,1,0.99792755
616,1,0,41,1,103560.57,1,1,0,236.45,1,3,2,289,103560.57,0.024390243902439025,15.024390243902438,1,1,0.99791163
842,0,0,37,4,132446.08,2,1,0,87071.18,1,4,2,304,132446.08,0.05405405405405406,22.756756756756758,1,1,0.9979109
477,0,0,57,9,114023.64,2,1,1,71167.17,1,3,1,523,57011.82,0.03508771929824561,8.368421052631579,1,1,0.9978775
717,0,1,36,2,148061.89,1,1,0,179128.69,1,5,2,969,148061.89,0.027777777777777776,19.916666666666668,1,1,0.9978751
636,2,0,33,0,0.0,1,1,0,92277.47,1,2,3,618,0.0,0.030303030303030304,19.272727272727273,1,1,0.99787414
750,2,0,34,9,112822.26,1,0,0,150401.53,1,2,2,563,112822.26,0.029411764705882353,22.058823529411764,1,1,0.9978713
721,2,0,32,10,0.0,1,1,0,136119.96,1,5,3,579,0.0,0.03125,22.53125,1,1,0.99784565
768,0,0,26,5,51116.26,1,1,1,70454.79,1,4,2,992,25558.13,0.038461538461538464,29.53846153846154,1,1,0.997809
739,1,1,40,5,149131.03,3,1,1,60036.99,1,4,1,335,74565.515,0.075,18.475,1,1,0.9977996
846,0,0,41,5,0.0,3,1,0,3440.47,1,1,1,994,0.0,0.07317073170731707,20.634146341463413,1,1,0.99776316
564,0,0,36,7,206329.65,1,1,1,46632.87,1,2,2,929,103164.825,0.027777777777777776,15.666666666666666,1,1,0.9977574
704,1,0,24,7,113034.22,1,1,0,162503.48,1,2,2,801,113034.22,0.041666666666666664,29.333333333333332,1,1,0.99775547
835,1,0,47,5,108289.28,2,1,1,45859.55,1,5,1,787,54144.64,0.0425531914893617,17.76595744680851,1,1,0.99775213
693,1,1,44,5,124601.58,2,1,1,46998.13,1,2,3,408,62300.79,0.045454545454545456,15.75,1,1,0.99767035
568,1,1,43,5,87612.64,4,1,1,107155.4,1,4,3,934,43806.32,0.09302325581395349,13.209302325581396,1,1,0.9976509
704,1,1,27,5,147004.34,1,1,0,64381.33,1,4,3,828,147004.34,0.037037037037037035,26.074074074074073,1,1,0.99761033
739,1,1,45,7,102703.62,1,0,1,147802.94,1,3,3,827,51351.81,0.022222222222222223,16.42222222222222,1,1,0.99760073
650,2,1,42,4,194532.66,1,1,0,171045.31,1,3,2,824,194532.66,0.023809523809523808,15.476190476190476,1,1,0.997595
737,2,0,39,7,130051.66,2,0,0,55356.39,1,2,3,722,130051.66,0.05128205128205128,18.897435897435898,1,1,0.9975216
582,0,0,38,9,135979.01,4,1,1,76582.95,1,2,3,876,67989.505,0.10526315789473684,15.31578947368421,1,1,0.9974598
850,1,1,42,6,84445.68,3,0,1,60021.34,1,1,0,411,42222.84,0.07142857142857142,20.238095238095237,1,1,0.99745375
638,0,1,36,6,188455.19,1,0,0,47031.4,1,2,0,642,188455.19,0.027777777777777776,17.72222222222222,1,1,0.99735165
688,0,0,39,0,0.0,2,1,0,53222.15,1,5,1,765,0.0,0.05128205128205128,17.641025641025642,1,1,0.997338
683,1,0,43,4,115888.04,1,1,1,117349.19,1,5,2,443,57944.02,0.023255813953488372,15.883720930232558,1,1,0.9972892
669,0,0,35,7,0.0,1,1,1,49108.23,1,1,3,335,0.0,0.02857142857142857,19.114285714285714,1,1,0.9972869
635,0,0,27,8,127471.56,1,1,1,152916.05,1,5,0,476,63735.78,0.037037037037037035,23.51851851851852,1,1,0.997247
850,1,0,45,5,127258.79,1,1,1,192744.23,1,3,3,380,63629.395,0.022222222222222223,18.88888888888889,1,1,0.9972258
717,2,0,49,1,110864.38,2,1,1,124532.9,1,1,2,845,55432.19,0.04081632653061224,14.63265306122449,1,1,0.99722004
551,2,1,27,2,113873.22,1,1,1,85129.77,1,5,1,522,56936.61,0.037037037037037035,20.40740740740741,1,1,0.9971144
663,2,0,22,9,0.0,1,1,0,29135.89,1,5,0,590,0.0,0.045454545454545456,30.136363636363637,1,1,0.9970799
631,0,1,33,7,0.0,1,1,1,58043.02,1,2,3,715,0.0,0.030303030303030304,19.12121212121212,1,1,0.99700624
777,0,0,30,4,137851.31,1,1,0,5008.23,1,5,0,349,137851.31,0.03333333333333333,25.9,1,1,0.9969981
718,0,1,52,8,79475.3,3,1,1,32421.32,1,3,3,930,39737.65,0.057692307692307696,13.807692307692308,1,1,0.9969795
777,0,0,29,9,131240.61,1,1,1,163746.09,1,2,1,567,65620.305,0.034482758620689655,26.79310344827586,1,1,0.9969741
796,1,0,52,9,167194.36,1,1,1,62808.93,1,3,2,424,83597.18,0.019230769230769232,15.307692307692308,1,1,0.99697125
495,1,0,34,9,117160.32,1,1,1,116069.24,1,1,0,715,58580.16,0.029411764705882353,14.558823529411764,1,1,0.99690336
651,2,1,38,2,0.0,3,1,0,67029.82,1,2,2,431,0.0,0.07894736842105263,17.13157894736842,1,1,0.99689806
610,2,1,42,6,0.0,2,1,0,158302.59,1,5,0,237,0.0,0.047619047619047616,14.523809523809524,1,1,0.9968939
640,0,1,63,2,68432.45,2,1,1,112503.24,1,1,3,384,34216.225,0.031746031746031744,10.158730158730158,1,1,0.9968796
697,0,0,45,1,0.0,2,1,0,46807.62,1,3,2,559,0.0,0.044444444444444446,15.488888888888889,1,1,0.99686974
670,0,0,31,2,57530.06,1,1,1,181893.31,1,1,2,839,28765.03,0.03225806451612903,21.612903225806452,1,1,0.9968208
586,0,0,35,7,164769.02,3,1,0,119814.25,1,3,3,290,164769.02,0.08571428571428572,16.742857142857144,1,1,0.9966691
753,0,0,40,0,3768.69,2,1,0,177065.24,1,3,2,620,3768.69,0.05,18.825,1,1,0.9966174
686,1,0,38,2,93569.86,3,0,0,10137.34,1,4,2,844,93569.86,0.07894736842105263,18.05263157894737,1,1,0.996597
732,0,0,36,9,0.0,1,0,0,3749.0,1,1,3,748,0.0,0.027777777777777776,20.333333333333332,1,1,0.9965629
673,0,1,59,0,178058.06,2,0,1,21063.71,1,3,0,328,89029.03,0.03389830508474576,11.40677966101695,1,1,0.9965262
512,0,1,36,4,152169.12,2,0,0,38629.3,1,5,0,555,152169.12,0.05555555555555555,14.222222222222221,1,1,0.99646205
745,0,0,36,9,0.0,1,1,0,19605.18,1,1,3,961,0.0,0.027777777777777776,20.694444444444443,1,1,0.99644876
568,2,0,36,10,153610.61,1,1,1,54083.8,1,2,3,244,76805.305,0.027777777777777776,15.777777777777779,1,1,0.99641234
640,2,1,43,9,172478.15,1,1,0,191084.4,1,4,0,844,172478.15,0.023255813953488372,14.883720930232558,1,1,0.99627125
678,0,0,41,1,143443.61,1,1,0,196622.28,1,4,2,407,143443.61,0.024390243902439025,16.536585365853657,1,1,0.99623764
563,2,0,42,6,99056.22,2,1,0,154347.95,1,4,3,670,99056.22,0.047619047619047616,13.404761904761905,1,1,0.9962257
558,0,1,33,0,108477.49,1,1,1,109096.71,1,2,3,729,54238.745,0.030303030303030304,16.90909090909091,1,1,0.99610114
626,2,0,26,8,148610.41,3,0,1,104502.02,1,5,2,410,74305.205,0.11538461538461539,24.076923076923077,1,1,0.9960735
693,0,0,35,5,124151.09,1,1,0,88705.14,1,5,0,854,124151.09,0.02857142857142857,19.8,1,1,0.9960174
529,2,1,38,7,99842.5,2,1,0,90256.06,1,4,0,220,99842.5,0.05263157894736842,13.921052631578947,1,1,0.99590355
573,2,1,50,0,159304.07,1,0,1,155915.24,1,4,3,466,79652.035,0.02,11.46,1,1,0.9957991
561,0,0,27,9,135637.0,1,1,0,153080.4,1,2,3,567,135637.0,0.037037037037037035,20.77777777777778,1,1,0.9953955
550,1,1,33,4,118400.91,1,0,1,13999.64,1,3,2,362,59200.455,0.030303030303030304,16.666666666666668,1,1,0.99533916
637,1,1,30,1,122185.53,1,1,0,102566.46,1,2,1,782,122185.53,0.03333333333333333,21.233333333333334,1,1,0.99524397
619,2,0,44,6,52831.13,1,1,1,112649.22,1,3,3,245,26415.565,0.022727272727272728,14.068181818181818,1,1,0.99498934
708,2,0,64,5,0.0,3,0,1,112520.07,1,2,2,465,0.0,0.046875,11.0625,1,1,0.9949627
693,0,1,36,8,178111.82,1,0,0,58719.63,1,2,3,447,178111.82,0.027777777777777776,19.25,1,1,0.99489164
459,2,0,42,6,129634.25,2,1,1,177683.02,1,3,2,326,64817.125,0.047619047619047616,10.928571428571429,1,1,0.9948743
669,0,1,25,1,157848.53,1,0,0,37543.93,1,3,1,354,157848.53,0.04,26.76,1,1,0.99483985
648,0,0,39,6,130694.89,2,1,1,153955.38,1,2,0,912,65347.445,0.05128205128205128,16.615384615384617,1,1,0.9944853
674,1,1,34,2,152797.9,1,1,0,175709.4,1,4,1,385,152797.9,0.029411764705882353,19.823529411764707,1,1,0.9943093
771,2,1,51,5,135506.58,3,1,1,152479.64,1,5,3,853,67753.29,0.058823529411764705,15.117647058823529,1,1,0.99423146
629,0,0,31,6,0.0,1,1,1,16447.6,1,3,2,427,0.0,0.03225806451612903,20.29032258064516,1,1,0.9938496
713,0,0,32,1,117094.02,1,0,0,149558.83,1,3,2,829,117094.02,0.03125,22.28125,1,1,0.99383426
791,1,0,33,10,130229.71,2,0,0,54019.93,1,1,2,414,130229.71,0.06060606060606061,23.96969696969697,1,1,0.9923381
821,2,0,38,8,0.0,2,0,1,126241.4,1,2,2,974,0.0,0.05263157894736842,21.605263157894736,1,1,0.99166447
657,2,0,22,6,0.0,3,0,1,168412.07,1,5,0,974,0.0,0.13636363636363635,29.863636363636363,1,1,0.9910874
674,0,1,18,7,0.0,2,1,1,55753.12,1,5,0,603,0.0,0.1111111111111111,37.44444444444444,1,1,0.9907402
682,0,1,41,6,0.0,2,0,1,134158.09,1,1,0,826,0.0,0.04878048780487805,16.634146341463413,1,1,0.9906871
710,1,0,41,9,149155.53,2,1,0,42131.26,1,5,0,407,149155.53,0.04878048780487805,17.317073170731707,1,1,0.9901174
598,1,1,38,1,101487.18,1,1,1,75959.1,1,1,3,468,50743.59,0.02631578947368421,15.736842105263158,1,1,0.9892028
711,0,0,25,5,190066.54,1,0,0,51345.39,1,5,1,303,190066.54,0.04,28.44,1,1,0.9890708
589,1,0,19,9,83495.11,1,1,1,143022.31,1,4,1,747,41747.555,0.05263157894736842,31.0,1,1,0.98884434
588,1,0,30,0,110148.49,1,1,0,5790.9,1,4,1,375,110148.49,0.03333333333333333,19.6,1,1,0.98863214
673,0,0,38,2,170061.92,2,0,0,134901.34,1,5,2,954,170061.92,0.05263157894736842,17.710526315789473,1,1,0.9883151
622,1,0,34,7,98675.74,1,1,0,138906.85,1,5,1,995,98675.74,0.029411764705882353,18.294117647058822,1,1,0.98828864
742,1,0,36,2,129748.54,2,0,0,47271.61,1,3,1,914,129748.54,0.05555555555555555,20.61111111111111,1,1,0.9880514
659,0,1,36,6,123841.49,2,1,0,96833.0,1,5,2,875,123841.49,0.05555555555555555,18.305555555555557,0,1,0.98793644
684,2,1,39,4,207034.96,2,0,0,157694.76,1,4,0,800,207034.96,0.05128205128205128,17.53846153846154,1,1,0.9860443
743,0,1,43,5,0.0,2,0,0,113079.19,1,5,3,402,0.0,0.046511627906976744,17.27906976744186,1,1,0.98559916
594,1,0,23,4,104753.84,2,1,0,56756.52,1,3,2,729,104753.84,0.08695652173913043,25.82608695652174,1,1,0.9848031
764,1,1,34,6,108760.27,2,1,0,166324.79,1,3,1,665,108760.27,0.058823529411764705,22.470588235294116,1,1,0.9839305
779,1,1,33,1,158456.76,1,1,1,197000.92,1,5,2,274,79228.38,0.030303030303030304,23.606060606060606,1,1,0.9825972
603,1,1,35,1,123407.69,1,1,0,152541.89,1,2,2,833,123407.69,0.02857142857142857,17.228571428571428,1,1,0.9820035
683,2,1,40,4,95053.1,1,1,1,116816.54,1,5,2,777,47526.55,0.025,17.075,1,1,0.98148054
608,2,0,28,4,0.0,2,1,0,10899.63,1,5,2,391,0.0,0.07142857142857142,21.714285714285715,1,1,0.9801861
477,0,1,22,5,82559.42,2,0,0,163112.9,1,3,0,661,82559.42,0.09090909090909091,21.681818181818183,1,1,0.9800432
651,1,0,35,1,163700.78,3,1,1,29583.48,1,4,0,467,81850.39,0.08571428571428572,18.6,1,1,0.9790238
570,0,0,29,4,153040.03,1,1,1,131363.57,1,3,3,762,76520.015,0.034482758620689655,19.655172413793103,1,1,0.97891974
542,1,0,35,9,127543.11,2,1,0,468.94,1,4,3,732,127543.11,0.05714285714285714,15.485714285714286,1,1,0.9762299
599,2,1,33,4,51690.89,1,1,0,111622.76,1,4,0,811,51690.89,0.030303030303030304,18.151515151515152,1,1,0.9736472
778,0,0,33,9,151772.63,2,0,0,180249.94,1,5,0,708,151772.63,0.06060606060606061,23.575757575757574,1,1,0.9720267
593,1,0,32,9,134096.53,2,1,0,53931.05,1,3,0,620,134096.53,0.0625,18.53125,1,1,0.96197385
596,0,1,21,4,210433.08,2,0,1,197297.77,1,5,0,896,105216.54,0.09523809523809523,28.38095238095238,1,1,0.89310974
778,1,0,45,1,162150.42,2,1,0,174531.27,0,2,0,250,162150.42,0.044444444444444446,17.288888888888888,0,0,0.014523699
790,1,0,34,2,164011.48,1,1,0,199420.41,0,1,0,275,164011.48,0.029411764705882353,23.235294117647058,0,0,0.012134594
760,0,1,43,8,121911.59,1,1,0,193312.33,0,3,3,224,121911.59,0.023255813953488372,17.674418604651162,0,0,0.010043519
678,0,1,41,2,148088.11,1,1,0,14083.12,0,1,3,243,148088.11,0.024390243902439025,16.536585365853657,0,0,0.009967812
765,0,1,41,4,124182.21,1,0,0,100153.43,0,1,3,318,124182.21,0.024390243902439025,18.658536585365855,0,0,0.009665551
694,0,1,42,8,133767.19,1,1,0,36405.21,0,1,0,241,133767.19,0.023809523809523808,16.523809523809526,0,0,0.0077873496
701,0,1,37,8,107798.85,1,1,0,16966.73,0,1,3,228,107798.85,0.02702702702702703,18.945945945945947,0,0,0.006608543
710,0,1,40,5,0.0,2,0,0,162878.96,0,2,0,219,0.0,0.05,17.75,0,0,0.005895583
822,0,1,50,7,0.0,2,1,1,10062.8,0,2,3,206,0.0,0.04,16.44,0,0,0.005767676
789,1,1,51,3,104677.09,1,1,0,74265.38,0,1,0,759,104677.09,0.0196078431372549,15.470588235294118,0,0,0.004800096
445,1,0,38,6,119413.62,2,1,0,175756.36,0,2,1,263,119413.62,0.05263157894736842,11.710526315789474,0,0,0.0045866105
625,2,1,52,8,121161.57,1,1,0,48988.28,0,3,0,275,121161.57,0.019230769230769232,12.01923076923077,0,0,0.0043735676
804,2,0,38,3,124197.22,1,1,0,74692.06,0,2,2,271,124197.22,0.02631578947368421,21.157894736842106,0,0,0.004253276
592,2,0,41,2,138734.94,1,1,0,90020.74,0,1,2,308,138734.94,0.024390243902439025,14.439024390243903,0,0,0.00418716
835,2,1,38,7,86824.09,1,0,0,175905.97,0,2,1,348,86824.09,0.02631578947368421,21.973684210526315,0,0,0.0041219774
665,1,0,27,2,147435.96,1,0,0,187508.06,0,1,0,258,147435.96,0.037037037037037035,24.62962962962963,0,0,0.00407559
730,0,0,39,1,99010.67,1,1,0,194945.8,0,5,1,260,99010.67,0.02564102564102564,18.71794871794872,0,0,0.004068874
608,1,1,42,8,131390.75,2,1,0,71178.09,0,1,3,246,131390.75,0.047619047619047616,14.476190476190476,0,0,0.004037257
576,2,1,52,2,100549.43,2,1,1,16644.16,0,4,0,221,50274.715,0.038461538461538464,11.076923076923077,0,0,0.0040208185
665,1,1,32,1,132178.67,1,0,0,11865.76,0,1,1,274,132178.67,0.03125,20.78125,0,0,0.003977407
663,1,0,37,8,155303.71,1,1,0,118716.63,0,1,3,333,155303.71,0.02702702702702703,17.91891891891892,0,0,0.0039392128
712,0,0,37,1,106881.5,2,0,0,169386.81,0,2,2,275,106881.5,0.05405405405405406,19.243243243243242,0,0,0.0036002335
656,0,1,43,7,134919.85,1,1,0,194691.95,0,1,0,421,134919.85,0.023255813953488372,15.255813953488373,0,0,0.0035217497
779,0,0,41,10,99786.2,1,1,0,86927.53,0,4,0,341,99786.2,0.024390243902439025,19.0,0,0,0.003444403
635,1,0,37,9,146748.07,1,0,1,11407.58,0,1,3,219,73374.035,0.02702702702702703,17.16216216216216,0,0,0.003405327
764,0,0,40,9,100480.53,1,1,0,124095.69,0,3,3,261,100480.53,0.025,19.1,0,0,0.0033489892
709,0,1,44,9,128601.98,1,1,0,117031.2,0,4,1,223,128601.98,0.022727272727272728,16.113636363636363,0,0,0.0029467917
537,2,1,42,1,190569.23,1,0,1,127154.8,0,2,0,341,95284.615,0.023809523809523808,12.785714285714286,0,0,0.002884239
807,1,0,31,1,141069.18,3,1,1,194257.11,0,4,0,374,70534.59,0.0967741935483871,26.032258064516128,0,0,0.0028368807
742,1,0,21,1,114292.48,1,1,0,31520.4,0,2,1,254,114292.48,0.047619047619047616,35.333333333333336,0,0,0.0026992976
778,1,0,48,3,102290.56,2,1,0,182691.31,0,1,2,434,102290.56,0.041666666666666664,16.208333333333332,0,0,0.0026960135
713,1,1,47,1,95994.98,1,1,0,197529.23,0,5,1,757,95994.98,0.02127659574468085,15.170212765957446,0,0,0.0025496485
457,0,1,40,10,134320.23,2,1,0,150757.35,0,5,0,237,134320.23,0.05,11.425,0,0,0.0024315189
593,2,0,45,6,79259.75,1,1,0,55347.28,0,2,1,255,79259.75,0.022222222222222223,13.177777777777777,0,0,0.0024155003
761,2,1,37,7,132730.17,1,1,0,199293.01,0,2,2,649,132730.17,0.02702702702702703,20.56756756756757,0,0,0.0023955354
776,0,0,43,4,0.0,2,0,1,162137.5,0,1,0,228,0.0,0.046511627906976744,18.046511627906977,0,0,0.0023854668
809,1,1,33,8,148055.74,1,0,0,199203.21,0,1,2,981,148055.74,0.030303030303030304,24.515151515151516,0,0,0.0023597965
577,2,1,48,6,179852.26,1,1,0,193580.32,0,2,1,782,179852.26,0.020833333333333332,12.020833333333334,0,0,0.0023216577
695,1,1,40,7,139022.24,1,0,1,193383.13,0,2,0,227,69511.12,0.025,17.375,0,0,0.0022770674
746,0,0,37,4,0.0,2,0,1,171039.56,0,5,2,219,0.0,0.05405405405405406,20.16216216216216,0,0,0.0022273392
736,0,1,43,4,176134.54,1,1,1,52856.88,0,2,1,266,88067.27,0.023255813953488372,17.11627906976744,0,0,0.0021986095
651,1,1,41,1,90218.11,1,1,0,174337.68,0,5,2,343,90218.11,0.024390243902439025,15.878048780487806,0,0,0.0021179426
742,0,0,25,4,132116.13,2,1,0,129933.5,0,1,0,233,132116.13,0.08,29.68,0,0,0.0021127046
753,1,0,47,1,131160.85,1,1,0,197444.69,0,3,0,482,131160.85,0.02127659574468085,16.02127659574468,0,0,0.0020757606
669,0,0,47,9,61196.54,1,1,0,58170.24,0,5,3,269,61196.54,0.02127659574468085,14.23404255319149,0,0,0.002013359
714,1,0,49,5,140510.89,1,1,0,141914.94,0,1,0,455,140510.89,0.02040816326530612,14.571428571428571,0,0,0.002008318
684,1,0,40,6,137326.65,1,1,0,186976.6,0,1,2,530,137326.65,0.025,17.1,0,0,0.0020010541
701,0,1,33,9,147510.34,1,1,0,190611.92,0,5,0,228,147510.34,0.030303030303030304,21.242424242424242,0,0,0.0019804093
670,2,1,30,3,133446.34,1,0,0,3154.95,0,5,1,317,133446.34,0.03333333333333333,22.333333333333332,0,0,0.0018196374
632,2,0,40,3,109740.62,1,1,0,141896.74,0,4,2,336,109740.62,0.025,15.8,0,0,0.0017990153
795,0,1,32,2,117265.21,1,1,1,198317.23,0,2,2,333,58632.605,0.03125,24.84375,0,0,0.0017798879
648,0,0,50,9,102535.57,1,1,1,189543.19,0,5,0,332,51267.785,0.02,12.96,0,0,0.0017589026
849,0,1,69,7,71996.09,1,1,1,139065.94,0,2,1,317,35998.045,0.014492753623188406,12.304347826086957,0,0,0.0016603991
699,2,1,31,8,125927.51,2,1,0,147661.47,0,2,2,240,125927.51,0.06451612903225806,22.548387096774192,0,0,0.0016586808
531,2,0,45,1,126495.57,2,1,1,164741.5,0,2,1,242,63247.785,0.044444444444444446,11.8,0,0,0.0016495152
815,2,0,38,2,48387.0,1,1,0,184796.84,0,3,0,243,48387.0,0.02631578947368421,21.44736842105263,0,0,0.0016280628
484,0,0,29,4,130114.39,1,1,0,164017.89,0,1,1,249,130114.39,0.034482758620689655,16.689655172413794,0,0,0.0016180807
678,1,0,43,2,153393.18,2,1,1,193828.27,0,1,1,274,76696.59,0.046511627906976744,15.767441860465116,0,0,0.0016138778
711,1,0,52,8,145262.54,1,0,1,131473.31,0,1,3,282,72631.27,0.019230769230769232,13.673076923076923,0,0,0.0016102561
519,0,1,39,2,112957.26,2,1,0,97593.16,0,3,3,223,112957.26,0.05128205128205128,13.307692307692308,0,0,0.0015997979
650,0,1,33,0,98064.97,1,1,0,52411.99,0,1,1,262,98064.97,0.030303030303030304,19.696969696969695,0,0,0.0015909001
439,0,0,66,9,0.0,1,1,0,65535.56,0,1,3,764,0.0,0.015151515151515152,6.651515151515151,0,0,0.0015872455
775,1,1,70,6,119684.88,2,1,1,74532.02,0,1,1,237,59842.44,0.02857142857142857,11.071428571428571,0,0,0.0015553434
671,1,0,48,9,116711.06,2,0,0,76373.38,0,1,3,489,116711.06,0.041666666666666664,13.979166666666666,0,0,0.0015405443
658,1,1,37,3,168735.74,2,0,0,70370.24,0,3,2,226,168735.74,0.05405405405405406,17.783783783783782,0,0,0.0015201559
674,0,1,45,7,142072.02,1,1,0,37013.29,0,2,1,710,142072.02,0.022222222222222223,14.977777777777778,0,0,0.0015174255
525,1,1,33,4,131023.76,2,0,0,55072.93,0,1,0,253,131023.76,0.06060606060606061,15.909090909090908,0,0,0.0015151037
757,1,1,31,1,127320.36,3,1,0,163170.32,0,5,2,892,127320.36,0.0967741935483871,24.419354838709676,0,0,0.0014525556
588,0,0,64,3,0.0,1,1,1,189703.65,0,4,3,286,0.0,0.015625,9.1875,0,0,0.0014474976
682,0,1,44,3,115282.3,1,0,0,23766.4,0,1,2,588,115282.3,0.022727272727272728,15.5,0,0,0.0014473825
443,0,1,44,2,0.0,1,1,0,159165.7,0,3,2,351,0.0,0.022727272727272728,10.068181818181818,0,0,0.0014346875
555,1,0,62,10,114822.64,1,0,1,8444.5,0,3,1,291,57411.32,0.016129032258064516,8.951612903225806,0,0,0.0014252566
634,1,1,43,3,212696.32,1,1,0,115268.86,0,3,2,327,212696.32,0.023255813953488372,14.744186046511627,0,0,0.0014037885
646,1,0,52,6,111739.4,2,0,1,68367.18,0,1,0,234,55869.7,0.038461538461538464,12.423076923076923,0,0,0.0013970474
649,0,0,52,8,49113.75,1,1,0,41858.43,0,1,3,673,49113.75,0.019230769230769232,12.48076923076923,0,0,0.0013959901
587,0,1,55,9,0.0,1,1,0,64593.07,0,1,1,916,0.0,0.01818181818181818,10.672727272727272,0,0,0.0013907765
587,2,1,41,8,85109.21,1,1,0,1557.82,0,4,1,318,85109.21,0.024390243902439025,14.317073170731707,0,0,0.0013536382
764,1,1,28,10,124023.18,1,1,0,166188.28,0,1,3,508,124023.18,0.03571428571428571,27.285714285714285,0,0,0.0013481741
735,0,1,44,9,120681.63,1,1,0,74836.34,0,2,3,520,120681.63,0.022727272727272728,16.704545454545453,0,0,0.0013478679
791,0,0,31,10,75499.24,1,1,0,22184.14,0,2,1,303,75499.24,0.03225806451612903,25.516129032258064,0,0,0.0013429815
702,2,1,43,6,116121.67,1,1,0,61602.42,0,2,0,488,116121.67,0.023255813953488372,16.325581395348838,0,0,0.001321252
473,1,1,40,8,152576.25,2,1,0,73073.68,0,4,0,310,152576.25,0.05,11.825,0,0,0.001314379
504,1,1,43,5,134740.19,2,1,0,181430.91,0,1,3,640,134740.19,0.046511627906976744,11.720930232558139,0,0,0.0013087309
612,0,0,42,10,75497.51,1,0,0,149682.78,0,2,0,240,75497.51,0.023809523809523808,14.571428571428571,0,0,0.0012767743
696,2,0,36,3,0.0,3,1,0,65039.9,0,1,2,349,0.0,0.08333333333333333,19.333333333333332,0,0,0.0012656329
660,2,0,28,3,128929.88,1,1,1,198069.71,0,2,3,231,64464.94,0.03571428571428571,23.571428571428573,0,0,0.0012519074
507,2,1,46,6,92783.68,1,1,1,51424.29,0,2,0,322,46391.84,0.021739130434782608,11.021739130434783,0,0,0.0012515796
588,2,0,35,7,0.0,2,1,1,108739.15,0,1,3,221,0.0,0.05714285714285714,16.8,0,0,0.0012487764
468,0,1,46,7,91443.75,1,1,0,10958.18,0,1,1,748,91443.75,0.021739130434782608,10.173913043478262,0,0,0.0012448765
797,0,0,46,8,0.0,1,0,0,162668.33,0,5,3,968,0.0,0.021739130434782608,17.32608695652174,0,0,0.0012432596
551,2,0,48,5,95679.29,1,0,0,94978.1,0,1,0,815,95679.29,0.020833333333333332,11.479166666666666,0,0,0.0012389914
635,0,1,41,4,103544.88,2,1,0,193746.55,0,2,1,439,103544.88,0.04878048780487805,15.487804878048781,0,0,0.0012181724
567,2,1,44,9,0.0,2,1,0,87677.15,0,1,0,240,0.0,0.045454545454545456,12.886363636363637,0,0,0.0011767425
586,1,1,42,6,126704.49,2,1,0,41682.3,0,4,1,233,126704.49,0.047619047619047616,13.952380952380953,0,0,0.0011686744
577,0,1,60,10,125389.7,2,1,1,178616.73,0,2,1,309,62694.85,0.03333333333333333,9.616666666666667,0,0,0.0011474879
677,0,0,58,1,90022.85,1,0,1,2988.28,0,4,1,355,45011.425,0.017241379310344827,11.672413793103448,0,0,0.0011450911
411,0,0,36,10,0.0,1,0,0,120694.35,0,2,2,329,0.0,0.027777777777777776,11.416666666666666,0,0,0.0011325711
613,0,0,24,7,140453.91,1,1,0,129001.3,0,2,0,245,140453.91,0.041666666666666664,25.541666666666668,0,0,0.0011303271
684,1,0,48,10,126384.42,1,1,1,198129.36,0,1,1,462,63192.21,0.020833333333333332,14.25,0,0,0.0011270854
682,0,0,58,1,0.0,1,1,1,706.5,0,4,2,709,0.0,0.017241379310344827,11.758620689655173,0,0,0.0011213704
475,0,0,32,8,119023.28,1,1,0,100816.29,0,1,2,278,119023.28,0.03125,14.84375,0,0,0.0011140932
790,0,0,33,10,135120.72,1,0,0,195204.99,0,3,0,522,135120.72,0.030303030303030304,23.939393939393938,0,0,0.0010995871
621,0,1,40,10,163823.37,1,0,0,89519.47,0,3,0,264,163823.37,0.025,15.525,0,0,0.0010958555
560,0,1,50,3,0.0,2,1,0,84531.79,0,2,3,308,0.0,0.04,11.2,0,0,0.0010896486
670,2,1,37,0,178742.71,1,1,1,194493.57,0,3,0,345,89371.355,0.02702702702702703,18.10810810810811,0,0,0.0010893786
454,2,0,48,5,144837.79,1,1,1,93151.77,0,2,0,325,72418.895,0.020833333333333332,9.458333333333334,0,0,0.0010860442
755,0,1,42,2,119919.12,1,1,0,156868.21,0,1,2,765,119919.12,0.023809523809523808,17.976190476190474,0,0,0.0010793565
480,0,0,42,1,152160.21,2,1,0,101778.9,0,3,0,323,152160.21,0.047619047619047616,11.428571428571429,0,0,0.0010747833
559,0,1,33,9,111060.05,2,1,0,110371.84,0,1,2,242,111060.05,0.06060606060606061,16.939393939393938,0,0,0.0010725019
490,1,0,41,0,139659.04,1,1,1,176254.12,0,5,3,312,69829.52,0.024390243902439025,11.951219512195122,0,0,0.001058074
621,0,1,35,7,87619.29,1,1,0,143.34,0,2,0,270,87619.29,0.02857142857142857,17.742857142857144,0,0,0.00104603
752,0,0,53,8,114233.18,1,1,1,51587.04,0,4,2,347,57116.59,0.018867924528301886,14.18867924528302,0,0,0.0010408658
790,0,0,26,4,141581.71,2,0,0,98309.27,0,3,0,320,141581.71,0.07692307692307693,30.384615384615383,0,0,0.0010402937
591,1,0,44,10,113581.98,1,1,0,1985.41,0,5,1,645,113581.98,0.022727272727272728,13.431818181818182,0,0,0.0010402753
709,1,0,39,9,124723.92,1,1,0,73641.86,0,2,3,526,124723.92,0.02564102564102564,18.17948717948718,0,0,0.0010119834
778,2,0,47,6,127299.34,2,1,0,124694.99,0,2,1,859,127299.34,0.0425531914893617,16.5531914893617,0,0,0.0010009587
595,1,0,32,0,92466.21,1,1,0,4721.3,0,2,2,238,92466.21,0.03125,18.59375,0,0,0.0010002552
594,0,1,61,3,62391.22,1,1,1,192434.11,0,4,3,968,31195.61,0.01639344262295082,9.737704918032787,0,0,0.0009926325
633,1,1,29,6,117412.35,1,0,0,30338.94,0,4,3,341,117412.35,0.034482758620689655,21.82758620689655,0,0,0.0009805667
697,1,1,43,7,115371.94,2,1,0,64139.1,0,1,1,538,115371.94,0.046511627906976744,16.209302325581394,0,0,0.0009790182
733,1,1,38,9,111347.37,2,0,1,194872.97,0,2,1,260,55673.685,0.05263157894736842,19.289473684210527,0,0,0.00097246794
726,0,0,53,1,113537.73,1,0,1,28367.21,0,4,1,276,56768.865,0.018867924528301886,13.69811320754717,0,0,0.00096967345
416,2,1,35,8,0.0,1,0,0,119712.78,0,2,0,244,0.0,0.02857142857142857,11.885714285714286,0,0,0.0009687145
743,2,1,45,7,157332.26,1,1,0,125424.42,0,2,3,775,157332.26,0.022222222222222223,16.511111111111113,0,0,0.00096776156
652,2,0,36,1,0.0,2,1,1,19302.78,0,3,1,219,0.0,0.05555555555555555,18.11111111111111,0,0,0.00095219543
567,1,1,40,7,122265.24,1,1,0,138552.74,0,1,3,433,122265.24,0.025,14.175,0,0,0.00094923517
663,0,1,46,3,0.0,2,0,1,176276.1,0,1,0,275,0.0,0.043478260869565216,14.41304347826087,0,0,0.0009488057
645,0,1,40,6,131411.24,1,1,1,194656.11,0,4,3,323,65705.62,0.025,16.125,0,0,0.0009369624
636,1,0,28,2,115265.14,1,0,0,191627.85,0,1,0,404,115265.14,0.03571428571428571,22.714285714285715,0,0,0.000928691
632,0,1,60,2,0.0,2,0,1,2085.32,0,4,3,350,0.0,0.03333333333333333,10.533333333333333,0,0,0.00092243456
661,0,0,30,7,0.0,2,1,0,72196.57,0,3,0,220,0.0,0.06666666666666667,22.033333333333335,0,0,0.00092241087
751,0,1,29,1,135536.5,1,1,0,66825.33,0,5,1,275,135536.5,0.034482758620689655,25.896551724137932,0,0,0.00092026807
812,0,1,34,5,103818.43,1,1,1,166038.27,0,4,1,230,51909.215,0.029411764705882353,23.88235294117647,0,0,0.0009105834
517,2,1,46,4,0.0,1,1,0,22372.78,0,1,2,465,0.0,0.021739130434782608,11.23913043478261,0,0,0.00089893834
496,0,0,41,1,176024.05,2,1,0,182337.98,0,1,0,754,176024.05,0.04878048780487805,12.097560975609756,0,0,0.0008830122
678,0,0,38,2,0.0,2,0,0,115068.99,0,1,2,223,0.0,0.05263157894736842,17.842105263157894,0,0,0.0008766501
521,1,0,49,2,127948.57,1,1,1,182765.14,0,2,1,596,63974.285,0.02040816326530612,10.63265306122449,0,0,0.0008711627
813,0,1,29,6,0.0,1,1,0,33953.87,0,3,2,259,0.0,0.034482758620689655,28.03448275862069,0,0,0.00086848356
797,0,1,37,4,75263.7,1,1,0,85801.77,0,4,2,300,75263.7,0.02702702702702703,21.54054054054054,0,0,0.00085882976
685,0,1,40,2,168001.34,2,1,1,167400.29,0,2,1,272,84000.67,0.05,17.125,0,0,0.0008512707
518,0,0,38,10,84764.79,1,1,1,162253.9,0,4,3,289,42382.395,0.02631578947368421,13.631578947368421,0,0,0.0008455032
661,0,1,48,3,120320.54,1,0,0,96463.25,0,5,2,727,120320.54,0.020833333333333332,13.770833333333334,0,0,0.0008454053
706,1,0,29,6,185544.36,1,1,0,171037.63,0,2,1,546,185544.36,0.034482758620689655,24.344827586206897,0,0,0.00084312743
850,2,1,62,5,0.0,2,1,1,180243.56,0,5,1,324,0.0,0.03225806451612903,13.709677419354838,0,0,0.0008385401
537,0,1,37,6,0.0,1,1,1,17802.42,0,2,2,336,0.0,0.02702702702702703,14.513513513513514,0,0,0.00083777105
655,1,1,37,9,121342.24,1,1,1,180241.44,0,1,3,299,60671.12,0.02702702702702703,17.7027027027027,0,0,0.0008216888
759,0,0,45,8,0.0,2,1,1,99251.24,0,1,0,292,0.0,0.044444444444444446,16.866666666666667,0,0,0.0008179929
622,0,1,40,4,99799.76,2,1,0,197372.13,0,1,0,457,99799.76,0.05,15.55,0,0,0.0008132473
627,2,0,35,7,0.0,1,1,0,187718.26,0,4,1,256,0.0,0.02857142857142857,17.914285714285715,0,0,0.00080614665
756,1,0,34,2,148200.72,1,0,0,194584.48,0,3,3,851,148200.72,0.029411764705882353,22.235294117647058,0,0,0.00080604485
609,1,0,40,10,137389.77,2,1,0,170122.22,0,1,1,988,137389.77,0.05,15.225,0,0,0.000800047
708,0,1,41,0,0.0,1,1,0,128400.62,0,5,1,315,0.0,0.024390243902439025,17.26829268292683,0,0,0.00079799467
762,0,1,32,10,191775.65,1,1,0,179657.83,0,2,0,914,191775.65,0.03125,23.8125,0,0,0.00079710095
633,1,1,50,7,88302.65,1,1,1,195937.16,0,4,0,382,44151.325,0.02,12.66,0,0,0.00079355633
670,0,0,50,8,138340.06,1,0,1,3159.15,0,1,3,603,69170.03,0.02,13.4,0,0,0.00079188804
786,2,1,40,6,0.0,2,0,0,41248.8,0,5,2,326,0.0,0.05,19.65,0,0,0.0007852303
607,1,1,36,10,106702.94,2,0,0,198313.69,0,1,3,519,106702.94,0.05555555555555555,16.86111111111111,0,0,0.0007833305
732,0,0,43,9,0.0,2,1,0,183147.17,0,4,1,292,0.0,0.046511627906976744,17.023255813953487,0,0,0.00077142444
769,0,1,51,9,156773.78,2,1,0,40257.79,0,4,2,401,156773.78,0.0392156862745098,15.07843137254902,0,0,0.0007712716
850,1,1,32,2,128647.98,2,0,0,54416.18,0,2,3,607,128647.98,0.0625,26.5625,0,0,0.00077041355
671,2,1,50,8,0.0,1,0,1,2560.11,0,1,1,678,0.0,0.02,13.42,0,0,0.0007676501
495,0,1,47,10,137682.68,1,1,0,71071.47,0,5,3,908,137682.68,0.02127659574468085,10.53191489361702,0,0,0.0007635968
775,0,1,45,8,0.0,1,1,0,130376.68,0,4,0,805,0.0,0.022222222222222223,17.22222222222222,0,0,0.00076148583
652,1,0,58,3,116353.2,2,0,1,193502.9,0,4,2,949,58176.6,0.034482758620689655,11.241379310344827,0,0,0.0007537176
671,1,1,36,2,116695.27,1,0,0,193201.86,0,3,1,895,116695.27,0.027777777777777776,18.63888888888889,0,0,0.00075129705
661,0,1,51,6,146606.6,1,1,1,68021.9,0,5,0,259,73303.3,0.0196078431372549,12.96078431372549,0,0,0.000744815
571,0,1,40,10,112896.86,1,1,1,121402.53,0,2,1,305,56448.43,0.025,14.275,0,0,0.00073894876
796,0,0,50,1,94164.0,1,1,1,189414.74,0,2,0,971,47082.0,0.02,15.92,0,0,0.0007344563
804,0,1,24,3,0.0,2,1,0,173195.33,0,4,3,335,0.0,0.08333333333333333,33.5,0,0,0.00072958885
597,0,1,67,2,0.0,2,0,1,108645.85,0,2,2,352,0.0,0.029850746268656716,8.91044776119403,0,0,0.00072748895
620,0,0,29,1,138740.24,2,0,0,154700.61,0,2,3,271,138740.24,0.06896551724137931,21.379310344827587,0,0,0.000720496
587,1,0,37,6,104414.03,1,1,0,192026.02,0,4,0,749,104414.03,0.02702702702702703,15.864864864864865,0,0,0.00071912404
644,0,0,24,8,92760.55,1,1,0,35896.75,0,5,1,238,92760.55,0.041666666666666664,26.833333333333332,0,0,0.00071269827
644,1,1,47,9,137774.11,2,1,0,151902.78,0,5,3,499,137774.11,0.0425531914893617,13.702127659574469,0,0,0.0007111019
612,2,0,62,0,167026.61,2,1,1,192892.05,0,1,2,739,83513.305,0.03225806451612903,9.870967741935484,0,0,0.0007089076
848,1,0,40,5,148495.64,1,0,0,158853.98,0,3,3,616,148495.64,0.025,21.2,0,0,0.00070877786
499,1,0,55,4,126817.65,2,1,0,123269.71,0,5,2,390,126817.65,0.03636363636363636,9.072727272727272,0,0,0.0007072725
667,1,0,44,5,140406.68,2,0,1,57164.19,0,1,2,273,70203.34,0.045454545454545456,15.159090909090908,0,0,0.0007071583
619,2,1,52,8,0.0,2,1,1,123242.11,0,1,2,239,0.0,0.038461538461538464,11.903846153846153,0,0,0.00070290384
514,0,1,45,1,178827.79,1,1,0,60375.18,0,5,0,493,178827.79,0.022222222222222223,11.422222222222222,0,0,0.0007026972
687,0,0,72,9,0.0,1,0,1,69829.4,0,5,1,258,0.0,0.013888888888888888,9.541666666666666,0,0,0.0006912499
502,0,1,45,0,0.0,1,0,0,84663.21,0,5,3,553,0.0,0.022222222222222223,11.155555555555555,0,0,0.00068998395
540,1,0,35,7,128369.75,2,1,0,198256.15,0,2,2,653,128369.75,0.05714285714285714,15.428571428571429,0,0,0.0006853414
644,1,0,44,8,106022.73,2,0,0,148727.42,0,1,0,934,106022.73,0.045454545454545456,14.636363636363637,0,0,0.0006706045
802,2,1,40,5,0.0,2,1,1,175043.69,0,4,1,332,0.0,0.05,20.05,0,0,0.00066829013
692,0,1,66,4,159732.02,1,1,1,118188.15,0,4,1,273,79866.01,0.015151515151515152,10.484848484848484,0,0,0.0006662317
535,0,0,38,8,0.0,2,1,0,136620.64,0,1,0,272,0.0,0.05263157894736842,14.078947368421053,0,0,0.00066452683
516,2,0,31,7,0.0,1,1,0,47018.75,0,2,1,326,0.0,0.03225806451612903,16.64516129032258,0,0,0.0006611109
519,0,1,48,10,71083.98,1,1,0,137959.0,0,2,3,824,71083.98,0.020833333333333332,10.8125,0,0,0.0006598938
701,1,0,48,1,92072.68,1,1,1,133992.36,0,3,3,340,46036.34,0.020833333333333332,14.604166666666666,0,0,0.0006582873
702,2,1,32,8,71667.74,1,1,1,126082.18,0,2,1,225,35833.87,0.03125,21.9375,0,0,0.00065295154
563,0,0,39,5,0.0,2,1,1,17603.81,0,1,3,336,0.0,0.05128205128205128,14.435897435897436,0,0,0.0006497044
499,0,1,35,10,0.0,2,1,0,10722.54,0,1,1,234,0.0,0.05714285714285714,14.257142857142858,0,0,0.0006483674
764,2,1,38,4,113607.47,1,1,0,91094.46,0,1,1,771,113607.47,0.02631578947368421,20.105263157894736,0,0,0.00064510613
769,0,1,29,2,123757.52,2,1,0,84872.66,0,2,3,503,123757.52,0.06896551724137931,26.517241379310345,0,0,0.00064204086
746,2,1,24,10,68781.82,1,0,1,47997.39,0,1,3,282,34390.91,0.041666666666666664,31.083333333333332,0,0,0.00064091716
701,0,1,29,2,0.0,2,1,0,176943.59,0,3,2,225,0.0,0.06896551724137931,24.17241379310345,0,0,0.0006391053
850,0,0,32,8,0.0,2,1,1,55593.8,0,2,3,341,0.0,0.0625,26.5625,0,0,0.00063872495
619,1,0,28,6,99152.73,2,1,0,48475.12,0,2,1,321,99152.73,0.07142857142857142,22.107142857142858,0,0,0.00063770096
607,1,0,37,4,135927.06,1,0,0,180890.4,0,1,2,476,135927.06,0.02702702702702703,16.405405405405407,0,0,0.00063547376
618,0,0,35,10,0.0,2,1,0,180439.75,0,1,0,341,0.0,0.05714285714285714,17.65714285714286,0,0,0.00063383725
850,0,0,39,7,79259.99,1,0,1,186910.74,0,1,0,976,39629.995,0.02564102564102564,21.794871794871796,0,0,0.00062690006
679,0,1,45,3,146758.24,1,1,0,48466.89,0,4,2,873,146758.24,0.022222222222222223,15.088888888888889,0,0,0.0006242513
850,1,1,44,2,112755.34,2,0,0,158171.36,0,5,3,842,112755.34,0.045454545454545456,19.318181818181817,0,0,0.000622509
651,2,0,45,10,135923.16,1,1,0,18732.84,0,3,1,500,135923.16,0.022222222222222223,14.466666666666667,0,0,0.00062012323
803,0,0,40,6,165526.71,1,1,0,12328.08,0,3,3,880,165526.71,0.025,20.075,0,0,0.0006179143
567,2,1,40,4,118628.8,1,0,0,91973.63,0,1,2,892,118628.8,0.025,14.175,0,0,0.0006166541
824,1,1,49,8,133231.48,1,1,1,67885.37,0,1,2,927,66615.74,0.02040816326530612,16.816326530612244,0,0,0.000616472
779,1,1,37,7,120092.52,2,1,0,135925.72,0,1,1,466,120092.52,0.05405405405405406,21.054054054054053,0,0,0.0006152754
669,0,1,45,7,149364.58,1,0,1,173454.07,0,5,3,263,74682.29,0.022222222222222223,14.866666666666667,0,0,0.0006132258
727,2,0,57,1,109679.72,1,0,1,753.37,0,5,3,841,54839.86,0.017543859649122806,12.75438596491228,0,0,0.0006117311
774,0,1,49,1,142767.39,1,1,1,8214.41,0,1,3,572,71383.695,0.02040816326530612,15.795918367346939,0,0,0.0006080542
758,2,1,61,2,0.0,2,1,1,43982.41,0,5,1,299,0.0,0.03278688524590164,12.426229508196721,0,0,0.0006073919
776,0,0,38,2,169824.46,1,1,0,169291.7,0,5,3,844,169824.46,0.02631578947368421,20.42105263157895,0,0,0.0006065016
601,1,0,47,1,142802.02,1,1,1,57553.02,0,1,3,712,71401.01,0.02127659574468085,12.787234042553191,0,0,0.00060631376
686,0,1,37,9,134560.62,1,1,0,27596.39,0,1,0,617,134560.62,0.02702702702702703,18.54054054054054,0,0,0.00060395943
622,2,0,47,6,142319.03,1,0,0,100183.05,0,4,0,578,142319.03,0.02127659574468085,13.23404255319149,0,0,0.0006032139
525,0,0,23,5,0.0,2,1,0,160249.1,0,1,2,225,0.0,0.08695652173913043,22.82608695652174,0,0,0.00060309947
710,1,1,34,9,134260.36,2,1,0,147074.67,0,5,1,257,134260.36,0.058823529411764705,20.88235294117647,0,0,0.000600111
704,2,0,44,9,153656.85,1,1,0,158742.81,0,5,2,890,153656.85,0.022727272727272728,16.0,0,0,0.0005959024
686,0,0,47,5,113328.93,1,1,0,124170.9,0,4,2,666,113328.93,0.02127659574468085,14.595744680851064,0,0,0.0005933953
835,0,1,35,6,127120.07,1,1,0,28707.69,0,2,2,525,127120.07,0.02857142857142857,23.857142857142858,0,0,0.00059262465
652,2,0,33,3,124832.51,1,1,0,195877.06,0,4,1,407,124832.51,0.030303030303030304,19.757575757575758,0,0,0.0005917447
794,0,1,56,9,96951.21,1,1,1,71776.76,0,2,2,694,48475.605,0.017857142857142856,14.178571428571429,0,0,0.00058790797
586,2,0,42,2,0.0,1,1,0,102889.34,0,3,2,338,0.0,0.023809523809523808,13.952380952380953,0,0,0.0005857194
782,2,0,41,4,0.0,1,1,0,132943.88,0,5,2,480,0.0,0.024390243902439025,19.073170731707318,0,0,0.0005819291
658,2,1,35,9,71829.34,1,1,1,68141.92,0,1,3,285,35914.67,0.02857142857142857,18.8,0,0,0.00058185234
814,0,0,31,4,0.0,2,1,1,142029.17,0,2,3,321,0.0,0.06451612903225806,26.258064516129032,0,0,0.00058062165
632,0,1,27,4,193125.85,1,1,1,152665.85,0,4,1,262,96562.925,0.037037037037037035,23.40740740740741,0,0,0.0005788656
774,0,1,36,7,103688.19,1,0,1,118971.74,0,1,3,275,51844.095,0.027777777777777776,21.5,0,0,0.00057734206
676,1,1,48,3,80697.44,1,0,0,101397.86,0,3,3,856,80697.44,0.020833333333333332,14.083333333333334,0,0,0.000576351
828,2,1,42,10,0.0,1,1,1,186071.14,0,1,2,526,0.0,0.023809523809523808,19.714285714285715,0,0,0.0005752992
650,1,0,46,9,149003.76,2,1,0,176902.83,0,3,1,880,149003.76,0.043478260869565216,14.130434782608695,0,0,0.0005736418
598,2,0,35,8,0.0,3,0,1,88658.73,0,4,0,235,0.0,0.08571428571428572,17.085714285714285,0,0,0.00057029584
772,1,0,42,0,101979.16,1,1,0,90928.48,0,4,1,612,101979.16,0.023809523809523808,18.38095238095238,0,0,0.0005671578
648,2,1,55,1,81370.07,1,0,1,181534.04,0,4,2,564,40685.035,0.01818181818181818,11.781818181818181,0,0,0.00056181866
641,0,1,41,6,0.0,2,1,0,65396.79,0,5,3,226,0.0,0.04878048780487805,15.634146341463415,0,0,0.000558179
634,0,1,45,9,0.0,2,0,0,17622.82,0,3,1,300,0.0,0.044444444444444446,14.088888888888889,0,0,0.0005538281
613,1,0,43,4,140681.68,1,0,1,20134.07,0,3,2,290,70340.84,0.023255813953488372,14.255813953488373,0,0,0.0005533424
648,1,1,33,5,138664.24,1,1,0,29076.27,0,1,2,403,138664.24,0.030303030303030304,19.636363636363637,0,0,0.0005532926
850,0,0,39,2,148586.64,1,1,1,176791.27,0,2,0,373,74293.32,0.02564102564102564,21.794871794871796,0,0,0.0005524476
756,0,1,67,4,0.0,3,1,1,93081.87,0,1,1,593,0.0,0.04477611940298507,11.283582089552239,0,0,0.0005514796
600,0,0,39,5,0.0,2,0,0,118272.07,0,4,1,225,0.0,0.05128205128205128,15.384615384615385,0,0,0.000547117
529,0,1,32,9,147493.89,1,1,0,33656.35,0,4,2,250,147493.89,0.03125,16.53125,0,0,0.0005466533
524,0,1,40,2,180516.9,1,1,0,180002.42,0,4,1,626,180516.9,0.025,13.1,0,0,0.0005428528
720,0,1,52,7,0.0,1,1,1,14781.12,0,1,1,678,0.0,0.019230769230769232,13.846153846153847,0,0,0.00054265285
688,1,0,46,0,74458.25,1,0,1,6866.31,0,1,0,752,37229.125,0.021739130434782608,14.956521739130435,0,0,0.0005412659
788,2,1,37,8,141541.25,1,0,0,66013.27,0,4,0,582,141541.25,0.02702702702702703,21.2972972972973,0,0,0.0005410162
841,0,0,31,3,162701.65,2,1,1,126794.56,0,3,2,232,81350.825,0.06451612903225806,27.129032258064516,0,0,0.0005389659
758,2,0,40,5,93499.82,2,0,0,123218.81,0,1,0,793,93499.82,0.05,18.95,0,0,0.00053795666
531,1,0,64,2,175754.87,2,1,1,60721.4,0,1,0,887,87877.435,0.03125,8.296875,0,0,0.0005349044
754,0,0,47,1,185513.67,1,1,0,27438.83,0,4,0,472,185513.67,0.02127659574468085,16.04255319148936,0,0,0.0005344997
717,0,1,38,7,97459.06,1,0,0,189175.71,0,2,2,676,97459.06,0.02631578947368421,18.86842105263158,0,0,0.0005311068
815,1,1,37,2,110777.26,2,1,0,2383.59,0,3,1,623,110777.26,0.05405405405405406,22.027027027027028,0,0,0.00052871945
669,0,0,41,0,150219.41,2,0,0,107839.03,0,2,2,880,150219.41,0.04878048780487805,16.317073170731707,0,0,0.0005263097
666,1,0,59,8,152614.51,2,1,1,188782.3,0,1,0,656,76307.255,0.03389830508474576,11.288135593220339,0,0,0.00052626285
547,0,0,35,4,0.0,1,1,1,133287.73,0,1,1,305,0.0,0.02857142857142857,15.628571428571428,0,0,0.0005260131
705,2,0,46,5,89364.91,1,0,1,139162.15,0,4,1,336,44682.455,0.021739130434782608,15.326086956521738,0,0,0.00052591355
578,0,1,50,5,151215.34,2,1,0,169804.4,0,4,2,623,151215.34,0.04,11.56,0,0,0.00052343134
640,2,0,34,3,77826.8,1,1,1,168544.85,0,4,0,329,38913.4,0.029411764705882353,18.823529411764707,0,0,0.000522904
816,1,0,40,9,109003.26,1,1,1,79580.56,0,1,0,592,54501.63,0.025,20.4,0,0,0.0005222863
562,0,1,45,6,136855.24,1,1,0,46864.0,0,4,3,942,136855.24,0.022222222222222223,12.488888888888889,0,0,0.0005206656
626,2,1,62,3,0.0,1,1,1,65010.74,0,1,2,930,0.0,0.016129032258064516,10.096774193548388,0,0,0.0005193739
513,1,0,49,5,171601.27,1,1,0,126223.84,0,3,2,844,171601.27,0.02040816326530612,10.46938775510204,0,0,0.0005190985
505,0,1,49,7,80001.23,1,0,0,135180.11,0,5,1,726,80001.23,0.02040816326530612,10.306122448979592,0,0,0.0005184804
761,2,0,32,4,103515.39,2,1,1,177622.38,0,2,3,311,51757.695,0.0625,23.78125,0,0,0.0005122059
566,1,0,40,2,97001.36,2,1,0,154486.01,0,1,0,719,97001.36,0.05,14.15,0,0,0.00051010255
797,1,0,33,10,83555.58,1,0,0,69767.14,0,4,3,513,83555.58,0.030303030303030304,24.151515151515152,0,0,0.0005048222
635,2,1,38,0,103257.14,1,0,0,158344.63,0,2,2,537,103257.14,0.02631578947368421,16.710526315789473,0,0,0.00050472067
493,0,0,36,2,0.0,2,0,1,99770.3,0,2,2,229,0.0,0.05555555555555555,13.694444444444445,0,0,0.00050366914
573,1,1,30,8,127406.5,1,1,0,192950.6,0,4,2,927,127406.5,0.03333333333333333,19.1,0,0,0.00050299405
601,0,1,47,1,64430.06,2,0,1,96517.97,0,5,3,308,32215.03,0.0425531914893617,12.787234042553191,0,0,0.00050290325
492,1,0,49,2,151249.45,2,1,1,167237.94,0,4,1,543,75624.725,0.04081632653061224,10.040816326530612,0,0,0.00050275825
674,0,1,22,3,0.0,1,1,1,173940.59,0,4,2,269,0.0,0.045454545454545456,30.636363636363637,0,0,0.0004998718
660,2,0,61,5,155931.11,1,1,1,158338.39,0,1,2,884,77965.555,0.01639344262295082,10.819672131147541,0,0,0.0004982941
700,2,0,40,2,0.0,2,1,0,199753.97,0,5,3,654,0.0,0.05,17.5,0,0,0.00049530406
491,0,0,72,6,91285.22,1,1,1,7032.95,0,3,1,277,45642.61,0.013888888888888888,6.819444444444445,0,0,0.000493869
712,2,0,44,2,0.0,2,0,0,45738.94,0,5,2,334,0.0,0.045454545454545456,16.181818181818183,0,0,0.00049236603
717,1,0,35,5,103214.71,1,1,0,172172.7,0,4,1,880,103214.71,0.02857142857142857,20.485714285714284,0,0,0.00048678202
807,0,1,47,1,95120.59,1,0,0,127875.1,0,3,2,468,95120.59,0.02127659574468085,17.170212765957448,0,0,0.00048660985
584,2,0,48,2,213146.2,1,1,0,75161.25,0,4,0,814,213146.2,0.020833333333333332,12.166666666666666,1,0,0.00048606098
581,2,1,46,2,79385.21,2,0,0,188492.82,0,1,1,639,79385.21,0.043478260869565216,12.630434782608695,0,0,0.00048550998
708,2,1,38,8,99640.89,1,1,0,12429.22,0,2,0,412,99640.89,0.02631578947368421,18.63157894736842,0,0,0.00047667444
850,0,0,34,6,101266.51,1,1,0,33501.98,0,1,0,901,101266.51,0.029411764705882353,25.0,0,0,0.00047598136
733,0,0,38,3,157658.36,1,0,0,19658.43,0,2,0,412,157658.36,0.02631578947368421,19.289473684210527,0,0,0.00047519436
561,1,1,32,6,166824.59,1,1,0,139451.98,0,5,1,296,166824.59,0.03125,17.53125,0,0,0.00047469567
772,1,1,26,7,152400.51,2,1,0,79414.0,0,1,2,695,152400.51,0.07692307692307693,29.692307692307693,0,0,0.00047330806
801,2,1,58,1,79954.61,2,1,1,30484.19,0,1,1,760,39977.305,0.034482758620689655,13.810344827586206,0,0,0.00047263745
727,0,0,26,9,121508.28,1,1,1,146785.44,0,1,2,253,60754.14,0.038461538461538464,27.96153846153846,0,0,0.00047253474
462,0,1,39,4,140133.08,2,0,0,131304.45,0,1,3,627,140133.08,0.05128205128205128,11.846153846153847,0,0,0.00047029668
583,0,0,42,4,0.0,2,1,0,17439.66,0,5,0,322,0.0,0.047619047619047616,13.880952380952381,0,0,0.00046801727
557,2,0,40,4,0.0,2,0,1,105433.53,0,2,3,281,0.0,0.05,13.925,0,0,0.00046780496
719,0,1,61,5,0.0,2,0,1,29132.43,0,4,0,293,0.0,0.03278688524590164,11.78688524590164,0,0,0.00046753167
850,1,0,38,2,102741.15,2,0,1,23974.85,0,4,3,264,51370.575,0.05263157894736842,22.36842105263158,0,0,0.0004672532
484,0,0,50,2,90408.16,2,0,0,48170.57,0,5,1,959,90408.16,0.04,9.68,0,0,0.00046277404
776,0,1,36,1,0.0,2,1,0,53477.76,0,3,0,329,0.0,0.05555555555555555,21.555555555555557,0,0,0.00046193492
684,0,1,45,6,148071.39,1,1,0,183575.01,0,3,0,895,148071.39,0.022222222222222223,15.2,0,0,0.0004604744
765,2,0,32,9,178095.55,1,0,0,47247.56,0,3,1,656,178095.55,0.03125,23.90625,0,0,0.00046046323
639,0,1,77,6,80926.02,2,1,1,55829.25,0,5,1,291,40463.01,0.025974025974025976,8.2987012987013,0,0,0.00045937204
683,1,0,35,1,132371.3,2,0,0,186123.57,0,1,1,504,132371.3,0.05714285714285714,19.514285714285716,0,0,0.0004589245
629,0,0,49,4,0.0,2,1,1,196335.48,0,5,2,921,0.0,0.04081632653061224,12.83673469387755,0,0,0.0004583356
612,1,0,36,2,130700.92,2,0,0,77592.8,0,5,0,351,130700.92,0.05555555555555555,17.0,0,0,0.00045693357
582,2,1,25,9,148042.97,2,1,0,52341.15,0,5,0,310,148042.97,0.08,23.28,0,0,0.00045601305
422,0,1,54,3,140014.42,1,0,1,86350.97,0,2,3,844,70007.21,0.018518518518518517,7.814814814814815,0,0,0.00045426397
524,1,1,29,9,144287.6,2,1,0,32063.3,0,3,2,311,144287.6,0.06896551724137931,18.06896551724138,0,0,0.00045319434
791,0,1,28,4,0.0,1,1,0,174435.48,0,2,2,397,0.0,0.03571428571428571,28.25,0,0,0.00045270167
630,1,0,28,8,106425.75,1,1,1,20344.84,0,5,0,266,53212.875,0.03571428571428571,22.5,0,0,0.00045221802
486,1,0,40,9,71340.09,1,1,0,76192.21,0,4,2,530,71340.09,0.025,12.15,0,0,0.00045135344
501,0,1,44,4,142051.07,2,0,1,74940.5,0,3,1,251,71025.535,0.045454545454545456,11.386363636363637,0,0,0.00045077666
693,0,1,31,1,0.0,2,0,1,182270.88,0,1,3,304,0.0,0.06451612903225806,22.35483870967742,0,0,0.0004507573
662,0,1,74,6,0.0,2,1,0,123583.85,0,1,3,512,0.0,0.02702702702702703,8.945945945945946,0,0,0.00045003236
675,1,1,42,2,92616.64,2,1,0,8567.18,0,1,0,960,92616.64,0.047619047619047616,16.071428571428573,0,0,0.00044771325
794,2,1,38,9,179581.31,1,1,0,23596.24,0,4,2,814,179581.31,0.02631578947368421,20.894736842105264,0,0,0.00044588905
627,2,0,25,4,0.0,1,1,1,194313.93,0,5,3,992,0.0,0.04,25.08,0,0,0.00044569248
635,0,0,47,2,125724.95,2,1,0,63236.97,0,5,2,773,125724.95,0.0425531914893617,13.51063829787234,0,0,0.0004456717
850,1,0,40,7,104449.8,1,1,1,747.88,0,4,2,931,52224.9,0.025,21.25,0,0,0.0004443772
613,1,1,38,9,126265.88,2,0,0,15859.95,0,2,0,571,126265.88,0.05263157894736842,16.13157894736842,0,0,0.00044290503
561,2,0,28,3,0.0,2,1,0,191387.76,0,1,0,276,0.0,0.07142857142857142,20.035714285714285,0,0,0.00044178197
572,1,0,35,1,139979.07,1,1,0,185662.84,0,4,3,598,139979.07,0.02857142857142857,16.34285714285714,0,0,0.00044150662
704,2,1,36,8,127397.34,1,1,0,151335.24,0,1,0,555,127397.34,0.027777777777777776,19.555555555555557,0,0,0.00044112105
660,0,1,37,2,97324.91,1,1,0,23291.83,0,2,0,942,97324.91,0.02702702702702703,17.83783783783784,0,0,0.0004387974
850,2,0,32,5,0.0,1,1,1,3830.59,0,2,3,979,0.0,0.03125,26.5625,0,0,0.0004383177
798,0,1,22,8,0.0,2,1,0,107615.43,0,5,1,280,0.0,0.09090909090909091,36.27272727272727,0,0,0.00043809024
718,0,0,43,0,93143.39,1,1,0,167554.86,0,3,0,491,93143.39,0.023255813953488372,16.697674418604652,0,0,0.0004364182
726,0,0,38,5,126875.62,1,1,0,128052.29,0,2,2,514,126875.62,0.02631578947368421,19.105263157894736,0,0,0.00043473655
660,1,1,39,9,134599.33,2,1,0,183095.87,0,4,2,575,134599.33,0.05128205128205128,16.923076923076923,0,0,0.00043427825
786,0,0,29,4,0.0,2,1,0,103372.79,0,4,3,245,0.0,0.06896551724137931,27.103448275862068,0,0,0.00043399996
652,2,1,31,1,132862.59,1,0,0,158054.49,0,1,1,921,132862.59,0.03225806451612903,21.032258064516128,0,0,0.00043352856
660,1,1,35,8,58641.43,1,0,1,198674.08,0,5,2,815,29320.715,0.02857142857142857,18.857142857142858,0,0,0.00043225117
621,2,0,43,8,0.0,1,0,0,102806.6,0,1,0,590,0.0,0.023255813953488372,14.44186046511628,0,0,0.00043201825
680,0,1,34,3,143292.95,1,1,0,66526.01,0,1,3,694,143292.95,0.029411764705882353,20.0,0,0,0.0004308412
655,2,1,37,8,163708.58,2,0,0,76259.23,0,2,3,959,163708.58,0.05405405405405406,17.7027027027027,0,0,0.00043060508
633,0,1,59,2,103996.74,1,1,1,103159.11,0,4,2,678,51998.37,0.01694915254237288,10.728813559322035,0,0,0.00042967452
658,1,0,45,9,134562.8,1,1,1,159268.67,0,5,0,528,67281.4,0.022222222222222223,14.622222222222222,0,0,0.00042793504
850,2,0,29,1,0.0,2,1,1,197996.65,0,3,0,534,0.0,0.06896551724137931,29.310344827586206,0,0,0.00042764348
825,0,1,29,3,148874.01,2,0,1,71192.82,0,3,0,346,74437.005,0.06896551724137931,28.448275862068964,0,0,0.00042185467
773,1,1,51,8,116197.65,2,1,1,86701.4,0,3,1,345,58098.825,0.0392156862745098,15.156862745098039,0,0,0.00042040323
716,0,0,23,2,94464.81,2,0,1,185900.88,0,5,2,351,47232.405,0.08695652173913043,31.130434782608695,0,0,0.00041955808
806,0,1,48,4,164701.68,1,1,1,21439.49,0,2,2,851,82350.84,0.020833333333333332,16.791666666666668,0,0,0.00041700221
494,0,0,35,9,112727.06,2,1,0,183752.91,0,2,0,697,112727.06,0.05714285714285714,14.114285714285714,0,0,0.00041595902
754,0,1,39,3,74896.33,1,0,0,34430.16,0,1,2,787,74896.33,0.02564102564102564,19.333333333333332,0,0,0.00041379823
815,0,1,24,7,171922.72,1,0,1,178028.96,0,2,0,458,85961.36,0.041666666666666664,33.958333333333336,0,0,0.00041342268
578,0,1,46,5,113226.47,1,1,0,56770.76,0,4,2,916,113226.47,0.021739130434782608,12.565217391304348,0,0,0.00041295672
535,2,1,37,3,175534.78,2,1,1,9241.52,0,5,0,316,87767.39,0.05405405405405406,14.45945945945946,0,0,0.00041227683
576,1,1,46,4,137367.94,1,1,1,33450.11,0,4,0,513,68683.97,0.021739130434782608,12.521739130434783,0,0,0.00041217112
685,2,0,43,6,117302.62,1,0,0,68701.73,0,4,0,975,117302.62,0.023255813953488372,15.930232558139535,0,0,0.0004117743
688,1,1,41,2,112871.19,2,0,1,65520.74,0,2,2,335,56435.595,0.04878048780487805,16.78048780487805,0,0,0.00040991552
641,2,1,40,5,102145.13,1,1,1,100637.07,0,1,0,310,51072.565,0.025,16.025,0,0,0.00040887992
662,0,1,29,5,147092.65,1,1,0,10928.3,0,1,1,495,147092.65,0.034482758620689655,22.82758620689655,0,0,0.00040881152
428,0,0,62,1,107735.93,1,0,1,58381.77,0,4,0,398,53867.965,0.016129032258064516,6.903225806451613,0,0,0.00040805113
539,0,1,30,0,0.0,2,1,0,160979.66,0,4,0,231,0.0,0.06666666666666667,17.966666666666665,0,0,0.00040788387
763,1,1,32,9,160680.41,1,1,0,30886.35,0,3,0,600,160680.41,0.03125,23.84375,0,0,0.00040718826
504,0,0,32,8,206663.75,1,0,0,16281.94,0,1,3,899,206663.75,0.03125,15.75,0,0,0.00040688153
656,2,0,41,6,101179.23,2,1,1,35230.61,0,2,1,239,50589.615,0.04878048780487805,16.0,0,0,0.0004051018
671,0,1,45,2,106376.85,1,0,1,158264.62,0,3,0,244,53188.425,0.022222222222222223,14.911111111111111,0,0,0.00040463865
664,0,1,58,5,98668.18,1,1,1,60887.58,0,1,0,773,49334.09,0.017241379310344827,11.448275862068966,0,0,0.00040377936
652,2,1,71,4,0.0,1,1,1,120107.1,0,3,0,305,0.0,0.014084507042253521,9.183098591549296,0,0,0.00040351253
580,0,1,55,6,104305.74,1,0,1,175750.21,0,5,1,432,52152.87,0.01818181818181818,10.545454545454545,0,0,0.00040249922
593,2,0,46,2,76597.79,1,1,1,54453.72,0,1,1,520,38298.895,0.021739130434782608,12.891304347826088,0,0,0.0004010253
787,0,0,85,10,0.0,2,1,1,116537.96,0,2,1,542,0.0,0.023529411764705882,9.258823529411766,0,0,0.00039838982
593,1,1,74,5,161434.36,2,1,1,65532.17,0,5,2,264,80717.18,0.02702702702702703,8.013513513513514,0,0,0.00039826776
757,0,1,38,0,0.0,1,1,0,83263.06,0,1,2,537,0.0,0.02631578947368421,19.92105263157895,0,0,0.0003971143
749,0,1,37,7,0.0,2,1,0,20306.79,0,3,1,345,0.0,0.05405405405405406,20.243243243243242,0,0,0.00039704712
559,2,0,40,7,144470.77,1,1,1,18917.95,0,3,3,255,72235.385,0.025,13.975,0,0,0.0003961507
700,0,0,37,7,0.0,2,1,0,17040.82,0,3,0,341,0.0,0.05405405405405406,18.91891891891892,0,0,0.0003960078
556,0,1,40,5,125909.85,1,1,1,95124.4,0,4,3,280,62954.925,0.025,13.9,0,0,0.0003957372
777,0,1,43,1,0.0,2,1,0,21785.91,0,2,1,984,0.0,0.046511627906976744,18.069767441860463,0,0,0.00039443516
640,0,1,45,1,0.0,1,1,1,10908.33,0,4,2,391,0.0,0.022222222222222223,14.222222222222221,0,0,0.00039377093
622,1,0,28,1,143124.63,2,1,0,81723.8,0,4,1,295,143124.63,0.07142857142857142,22.214285714285715,0,0,0.00039319176
694,0,1,47,4,0.0,2,1,0,197528.62,0,2,3,782,0.0,0.0425531914893617,14.76595744680851,0,0,0.0003911809
850,0,0,40,0,0.0,2,1,0,1099.95,0,4,2,980,0.0,0.05,21.25,0,0,0.00039116768
738,1,1,62,10,83008.31,1,1,1,42766.03,0,3,1,995,41504.155,0.016129032258064516,11.903225806451612,0,0,0.00039110653
489,0,0,38,5,117289.92,1,0,0,85231.88,0,2,1,655,117289.92,0.02631578947368421,12.868421052631579,0,0,0.00038944773
720,2,1,31,4,141356.47,1,0,0,137985.69,0,2,3,637,141356.47,0.03225806451612903,23.225806451612904,0,0,0.00038931833
850,0,1,27,6,96654.72,2,0,0,152740.16,0,2,2,613,96654.72,0.07407407407407407,31.48148148148148,0,0,0.0003882056
658,0,1,44,2,168396.34,1,1,1,14178.73,0,2,3,648,84198.17,0.022727272727272728,14.954545454545455,0,0,0.00038695877
618,1,1,41,8,37702.79,1,1,1,195775.48,0,5,1,615,18851.395,0.024390243902439025,15.073170731707316,0,0,0.0003862453
756,0,1,28,8,179960.2,1,1,0,89938.08,0,4,1,372,179960.2,0.03571428571428571,27.0,0,0,0.0003855195
597,0,0,36,9,0.0,2,1,1,7156.09,0,2,3,323,0.0,0.05555555555555555,16.583333333333332,0,0,0.0003855088
730,1,1,38,0,38848.19,2,0,0,94003.11,0,5,3,279,38848.19,0.05263157894736842,19.210526315789473,0,0,0.00038549138
658,0,0,43,7,140260.36,2,1,0,2748.72,0,4,0,643,140260.36,0.046511627906976744,15.30232558139535,0,0,0.00038374827
683,2,1,30,1,113257.2,1,1,1,65035.02,0,2,1,263,56628.6,0.03333333333333333,22.766666666666666,0,0,0.0003824164
701,0,1,23,3,0.0,2,1,0,38960.59,0,2,2,253,0.0,0.08695652173913043,30.47826086956522,0,0,0.0003821764
619,1,1,40,9,103604.31,2,0,0,140947.05,0,1,0,923,103604.31,0.05,15.475,0,0,0.00038104356
465,0,1,41,9,117221.15,1,1,0,168280.95,0,3,3,495,117221.15,0.024390243902439025,11.341463414634147,0,0,0.0003799778
415,2,1,53,5,167259.44,1,1,1,22357.25,0,2,0,929,83629.72,0.018867924528301886,7.830188679245283,0,0,0.0003781971
735,0,1,41,7,179904.0,1,1,1,137180.95,0,1,3,505,89952.0,0.024390243902439025,17.926829268292682,0,0,0.00037738905
769,0,1,29,4,145471.37,1,1,0,188382.77,0,3,2,378,145471.37,0.034482758620689655,26.517241379310345,0,0,0.00037616765
757,0,1,36,7,144852.06,1,0,0,130861.95,0,2,3,575,144852.06,0.027777777777777776,21.02777777777778,0,0,0.00037506368
630,0,1,31,0,0.0,2,1,1,34475.14,0,2,2,252,0.0,0.06451612903225806,20.322580645161292,0,0,0.00037472416
575,2,1,43,3,0.0,1,1,0,83594.51,0,5,0,600,0.0,0.023255813953488372,13.372093023255815,0,0,0.00037423757
691,2,1,30,9,0.0,2,0,1,10963.04,0,1,2,269,0.0,0.06666666666666667,23.033333333333335,0,0,0.0003731334
719,0,1,36,3,155423.17,1,1,1,199841.32,0,2,3,374,77711.585,0.027777777777777776,19.97222222222222,0,0,0.00037256666
523,0,1,36,8,158351.02,2,1,0,155304.53,0,1,3,486,158351.02,0.05555555555555555,14.527777777777779,0,0,0.0003723137
581,2,0,50,4,0.0,2,1,1,80701.72,0,3,1,232,0.0,0.04,11.62,0,0,0.00037221482
707,0,0,46,7,127476.73,2,1,1,146011.55,0,4,3,278,63738.365,0.043478260869565216,15.369565217391305,0,0,0.00037209704
744,2,1,30,1,128065.12,1,1,0,121525.48,0,2,2,607,128065.12,0.03333333333333333,24.8,0,0,0.0003719605
655,1,0,30,1,83173.98,2,1,1,184259.6,0,5,0,338,41586.99,0.06666666666666667,21.833333333333332,0,0,0.000371458
470,2,1,30,4,125385.01,1,1,0,68293.93,0,1,1,536,125385.01,0.03333333333333333,15.666666666666666,0,0,0.00037040422
554,0,0,44,9,135814.7,2,0,0,115091.38,0,4,3,494,135814.7,0.045454545454545456,12.590909090909092,0,0,0.0003690833
560,0,0,44,5,143244.97,1,1,0,98661.27,0,5,0,768,143244.97,0.022727272727272728,12.727272727272727,0,0,0.00036866922
683,2,1,38,3,126152.84,1,0,0,15378.75,0,4,2,611,126152.84,0.02631578947368421,17.973684210526315,0,0,0.00036851657
583,0,1,59,7,127450.14,1,0,1,67552.71,0,2,1,992,63725.07,0.01694915254237288,9.88135593220339,0,0,0.0003684865
637,2,0,40,6,0.0,2,1,1,181610.6,0,3,2,230,0.0,0.05,15.925,0,0,0.00036841328
587,2,1,62,7,121286.27,1,0,1,6776.92,0,5,0,500,60643.135,0.016129032258064516,9.46774193548387,0,0,0.00036800574
736,0,1,27,5,51522.75,1,0,1,192131.77,0,4,3,562,25761.375,0.037037037037037035,27.25925925925926,0,0,0.0003678616
512,2,1,33,3,176666.62,1,1,0,94670.77,0,1,2,726,176666.62,0.030303030303030304,15.515151515151516,0,0,0.00036668446
655,1,0,61,2,183997.7,2,1,1,161217.18,0,5,2,382,91998.85,0.03278688524590164,10.737704918032787,0,0,0.00036663606
549,0,0,29,8,0.0,2,1,1,189558.44,0,4,1,278,0.0,0.06896551724137931,18.93103448275862,0,0,0.0003660282
709,2,1,23,10,0.0,2,0,0,129590.18,0,2,3,246,0.0,0.08695652173913043,30.82608695652174,0,0,0.00036593608
721,0,0,49,1,120108.56,1,0,1,183421.76,0,4,3,970,60054.28,0.02040816326530612,14.714285714285714,0,0,0.00036579603
731,0,1,29,10,0.0,2,1,1,162452.65,0,4,3,251,0.0,0.06896551724137931,25.20689655172414,0,0,0.00036563654
798,0,1,37,8,0.0,3,0,0,110783.28,0,4,3,860,0.0,0.08108108108108109,21.56756756756757,0,0,0.00036504358
850,1,1,22,7,91560.58,2,0,0,10541.38,0,1,1,713,91560.58,0.09090909090909091,38.63636363636363,0,0,0.00036383868
708,0,0,67,1,0.0,2,0,1,3837.08,0,1,0,652,0.0,0.029850746268656716,10.567164179104477,0,0,0.0003629835
705,2,0,24,5,177799.83,2,0,0,79886.06,0,2,1,443,177799.83,0.08333333333333333,29.375,0,0,0.00036267893
628,1,0,45,6,53667.44,1,1,0,115022.94,0,5,2,588,53667.44,0.022222222222222223,13.955555555555556,0,0,0.00036143977
773,1,0,36,4,105858.71,1,0,1,4395.45,0,2,0,564,52929.355,0.027777777777777776,21.47222222222222,0,0,0.00036030673
581,0,1,71,4,0.0,2,1,1,197562.08,0,2,0,759,0.0,0.028169014084507043,8.183098591549296,0,0,0.00035939558
720,2,1,21,2,123200.78,1,1,1,180712.28,0,2,2,291,61600.39,0.047619047619047616,34.285714285714285,0,0,0.00035885343
835,0,1,25,7,0.0,2,1,1,83449.65,0,3,3,343,0.0,0.08,33.4,0,0,0.00035852738
701,2,0,35,9,0.0,2,0,0,170996.86,0,3,0,303,0.0,0.05714285714285714,20.02857142857143,0,0,0.00035835445
753,0,0,38,6,142263.45,1,0,1,33730.43,0,4,0,351,71131.725,0.02631578947368421,19.81578947368421,0,0,0.00035835156
828,0,1,31,9,0.0,1,0,1,164257.37,0,3,1,421,0.0,0.03225806451612903,26.70967741935484,0,0,0.00035764798
518,0,1,59,5,138772.15,1,0,1,123872.0,0,4,2,968,69386.075,0.01694915254237288,8.779661016949152,0,0,0.00035708345
753,1,0,38,9,151766.71,1,1,1,180829.99,0,1,1,873,75883.355,0.02631578947368421,19.81578947368421,0,0,0.00035658202
676,0,0,43,2,0.0,1,1,1,55119.53,0,1,2,679,0.0,0.023255813953488372,15.720930232558139,0,0,0.00035544133
810,1,1,35,3,96814.46,2,1,1,120511.03,0,1,1,275,48407.23,0.05714285714285714,23.142857142857142,0,0,0.00035423247
699,0,0,40,8,122038.34,1,1,0,102085.35,0,4,0,547,122038.34,0.025,17.475,0,0,0.00035378162
739,2,1,19,5,89750.21,1,1,0,193008.52,0,3,2,585,89750.21,0.05263157894736842,38.89473684210526,0,0,0.00035319454
599,2,1,35,6,137102.65,1,0,0,76870.81,0,1,3,620,137102.65,0.02857142857142857,17.114285714285714,0,0,0.0003530387
746,0,0,24,4,0.0,1,0,1,94105.0,0,5,2,334,0.0,0.041666666666666664,31.083333333333332,0,0,0.00035283648
617,2,1,61,3,113858.95,1,1,1,38129.22,0,1,1,422,56929.475,0.01639344262295082,10.114754098360656,0,0,0.00035225437
839,2,0,33,10,75592.43,1,1,0,62674.42,0,3,2,497,75592.43,0.030303030303030304,25.424242424242426,0,0,0.0003514143
556,1,1,33,3,124213.36,2,1,0,62627.55,0,2,1,537,124213.36,0.06060606060606061,16.848484848484848,0,0,0.00034993567
707,2,0,53,6,109663.47,1,1,1,52110.45,0,1,3,416,54831.735,0.018867924528301886,13.339622641509434,0,0,0.0003489258
816,1,0,34,2,108410.87,2,1,0,102908.91,0,4,2,555,108410.87,0.058823529411764705,24.0,0,0,0.00034694734
608,0,0,47,6,0.0,1,1,1,126012.57,0,5,3,725,0.0,0.02127659574468085,12.936170212765957,0,0,0.00034650837
537,0,1,28,3,157842.07,1,1,0,86911.49,0,3,1,348,157842.07,0.03571428571428571,19.178571428571427,0,0,0.00034600298
616,0,1,37,9,0.0,1,1,0,111312.96,0,5,2,239,0.0,0.02702702702702703,16.64864864864865,0,0,0.00034547198
554,1,0,37,4,58629.97,1,0,0,182038.6,0,2,0,606,58629.97,0.02702702702702703,14.972972972972974,0,0,0.00034408685
487,2,1,44,6,61691.45,1,1,1,53087.98,0,1,3,936,30845.725,0.022727272727272728,11.068181818181818,0,0,0.00034314243
652,2,0,42,4,0.0,2,1,1,38152.01,0,5,1,230,0.0,0.047619047619047616,15.523809523809524,0,0,0.0003425306
447,0,0,44,5,89188.83,1,1,1,75408.24,0,1,2,909,44594.415,0.022727272727272728,10.159090909090908,0,0,0.00034208025
533,0,1,47,9,83347.25,1,1,1,137696.25,0,5,2,418,41673.625,0.02127659574468085,11.340425531914894,0,0,0.00034142897
566,1,0,44,5,141428.99,2,0,0,68408.74,0,4,3,459,141428.99,0.045454545454545456,12.863636363636363,0,0,0.0003411833
585,0,1,40,7,0.0,2,0,0,146156.98,0,4,3,270,0.0,0.05,14.625,0,0,0.0003409032
738,0,1,29,2,0.0,2,1,1,170421.13,0,3,1,252,0.0,0.06896551724137931,25.448275862068964,0,0,0.0003406282
608,1,0,40,7,96202.32,1,0,0,161154.85,0,5,3,822,96202.32,0.025,15.2,0,0,0.000340132
528,0,1,37,6,103772.45,1,1,0,197111.99,0,3,0,391,103772.45,0.02702702702702703,14.27027027027027,0,0,0.00034002555
523,1,1,63,6,116227.27,1,1,1,119404.63,0,5,0,738,58113.635,0.015873015873015872,8.301587301587302,0,0,0.0003387743
594,0,0,34,7,141525.55,1,0,0,9443.15,0,4,0,302,141525.55,0.029411764705882353,17.470588235294116,0,0,0.00033832842
567,1,0,46,1,68238.51,2,1,1,109572.58,0,3,2,281,34119.255,0.043478260869565216,12.326086956521738,0,0,0.00033642992
781,2,0,29,6,98759.89,1,0,0,112202.64,0,2,1,494,98759.89,0.034482758620689655,26.93103448275862,0,0,0.00033623082
762,0,0,51,3,99286.98,1,0,1,85578.63,0,5,3,887,49643.49,0.0196078431372549,14.941176470588236,0,0,0.00033612727
639,0,0,35,8,0.0,1,0,0,164453.98,0,4,2,535,0.0,0.02857142857142857,18.257142857142856,0,0,0.00033541952
698,1,0,36,7,121263.62,1,1,1,13387.88,0,3,0,233,60631.81,0.027777777777777776,19.38888888888889,0,0,0.00033516155
673,2,0,35,6,0.0,2,1,0,98618.79,0,5,3,222,0.0,0.05714285714285714,19.228571428571428,0,0,0.00033503727
841,0,1,27,8,0.0,1,1,0,171922.72,0,3,3,696,0.0,0.037037037037037035,31.14814814814815,0,0,0.0003332972
818,1,1,43,10,105301.5,1,1,1,78941.59,0,4,0,412,52650.75,0.023255813953488372,19.023255813953487,0,0,0.00033117316
476,2,0,69,1,105303.73,1,0,1,134260.34,0,5,0,563,52651.865,0.014492753623188406,6.898550724637682,0,0,0.00033061227
695,0,1,36,4,161533.0,1,1,0,100940.91,0,2,1,749,161533.0,0.027777777777777776,19.305555555555557,0,0,0.0003305111
735,0,1,31,3,119558.35,1,0,0,72927.68,0,1,1,386,119558.35,0.03225806451612903,23.70967741935484,0,0,0.00033039768
636,2,1,37,1,115137.26,1,1,0,52484.01,0,4,3,564,115137.26,0.02702702702702703,17.18918918918919,0,0,0.00032793268
559,0,0,43,1,0.0,1,0,1,86634.3,0,5,2,830,0.0,0.023255813953488372,13.0,0,0,0.00032784612
593,2,1,44,5,0.0,1,1,0,128046.98,0,2,3,569,0.0,0.022727272727272728,13.477272727272727,0,0,0.00032771798
668,1,0,28,1,124511.01,1,0,0,114258.18,0,1,0,529,124511.01,0.03571428571428571,23.857142857142858,0,0,0.00032663907
617,0,0,27,4,0.0,2,0,0,190269.21,0,3,2,342,0.0,0.07407407407407407,22.85185185185185,0,0,0.00032658427
850,0,0,39,2,0.0,2,1,0,179451.42,0,2,1,732,0.0,0.05128205128205128,21.794871794871796,0,0,0.0003263247
673,1,0,25,3,108244.82,2,1,1,103573.96,0,1,3,284,54122.41,0.08,26.92,0,0,0.00032578537
674,1,1,44,3,88902.21,1,1,0,73731.32,0,3,3,729,88902.21,0.022727272727272728,15.318181818181818,0,0,0.00032426146
488,1,0,33,4,140002.35,1,1,0,123613.81,0,1,1,935,140002.35,0.030303030303030304,14.787878787878787,0,0,0.00032339487
549,1,1,45,6,124240.93,1,1,1,146372.51,0,4,0,385,62120.465,0.022222222222222223,12.2,0,0,0.00032302664
588,2,1,59,4,0.0,2,1,1,27435.41,0,3,3,330,0.0,0.03389830508474576,9.966101694915254,0,0,0.0003230106
579,2,0,39,2,151963.26,2,1,0,158948.63,0,1,2,393,151963.26,0.05128205128205128,14.846153846153847,0,0,0.00032270313
563,0,0,34,6,0.0,2,0,0,36536.93,0,1,1,256,0.0,0.058823529411764705,16.558823529411764,0,0,0.00032212096
660,0,0,40,8,167181.01,1,1,1,185156.94,0,2,0,736,83590.505,0.025,16.5,0,0,0.00032171584
495,0,0,40,1,140197.71,2,1,0,150720.39,0,4,2,970,140197.71,0.05,12.375,0,0,0.0003216692
569,0,1,36,1,67087.69,1,1,0,154775.7,0,5,2,308,67087.69,0.027777777777777776,15.805555555555555,0,0,0.00032114986
704,0,0,45,6,0.0,1,1,1,137739.45,0,5,1,701,0.0,0.022222222222222223,15.644444444444444,0,0,0.0003204733
752,1,0,37,5,113291.05,2,1,1,132467.54,0,1,3,264,56645.525,0.05405405405405406,20.324324324324323,0,0,0.0003197738
621,1,1,47,7,107363.29,1,1,1,66799.28,0,5,0,801,53681.645,0.02127659574468085,13.212765957446809,0,0,0.0003195952
617,0,1,54,6,102141.9,1,1,1,45325.26,0,4,2,746,51070.95,0.018518518518518517,11.425925925925926,0,0,0.00031918596
791,2,1,25,7,0.0,1,1,0,89666.28,0,5,2,740,0.0,0.04,31.64,0,0,0.00031698463
722,0,1,30,5,0.0,2,1,0,166376.54,0,5,2,282,0.0,0.06666666666666667,24.066666666666666,0,0,0.00031669193
582,1,0,50,6,96486.57,2,1,1,20344.02,0,3,2,355,48243.285,0.04,11.64,0,0,0.00031576186
757,0,1,32,9,0.0,2,1,0,115950.96,0,5,0,335,0.0,0.0625,23.65625,0,0,0.0003142435
463,1,0,41,8,123151.51,2,1,0,70127.93,0,5,3,523,123151.51,0.04878048780487805,11.292682926829269,0,0,0.000313953
587,1,0,39,6,101851.8,2,1,0,7103.71,0,2,0,659,101851.8,0.05128205128205128,15.051282051282051,0,0,0.0003134407
845,0,1,33,8,164385.53,1,1,0,150664.97,0,5,1,588,164385.53,0.030303030303030304,25.606060606060606,0,0,0.0003127461
611,0,0,43,8,64897.75,1,1,0,114996.33,0,4,3,692,64897.75,0.023255813953488372,14.209302325581396,0,0,0.00031191533
629,0,0,40,6,0.0,2,1,1,139356.3,0,4,3,327,0.0,0.05,15.725,0,0,0.00031041927
539,0,1,38,5,0.0,2,1,0,47388.41,0,3,2,234,0.0,0.05263157894736842,14.18421052631579,0,0,0.00031040004
769,0,0,40,9,133871.05,1,1,1,50568.02,0,4,2,887,66935.525,0.025,19.225,0,0,0.00030967378
565,0,1,34,6,0.0,1,1,1,63173.64,0,5,1,244,0.0,0.029411764705882353,16.61764705882353,0,0,0.00030963306
623,0,1,40,5,118788.57,1,1,0,192867.4,0,3,3,731,118788.57,0.025,15.575,0,0,0.00030956397
489,0,0,31,7,139395.08,1,0,1,6120.84,0,4,2,348,69697.54,0.03225806451612903,15.774193548387096,0,0,0.00030695132
734,1,1,33,5,121898.58,1,1,0,61829.89,0,4,2,659,121898.58,0.030303030303030304,22.242424242424242,0,0,0.0003062025
817,0,1,59,1,118962.58,1,1,1,120819.58,0,3,1,949,59481.29,0.01694915254237288,13.847457627118644,0,0,0.0003061561
526,2,1,30,8,0.0,1,1,0,36251.0,0,3,0,268,0.0,0.03333333333333333,17.533333333333335,0,0,0.0003049312
850,1,1,38,3,54901.01,1,1,1,140075.55,0,2,1,926,27450.505,0.02631578947368421,22.36842105263158,0,0,0.0003048056
792,0,1,34,1,0.0,1,0,1,86330.32,0,4,0,836,0.0,0.029411764705882353,23.294117647058822,0,0,0.0003030459
727,1,1,21,8,153344.72,1,1,1,163295.87,0,5,2,279,76672.36,0.047619047619047616,34.61904761904762,0,0,0.00030262236
771,2,0,33,5,0.0,2,1,0,8673.43,0,5,3,288,0.0,0.06060606060606061,23.363636363636363,0,0,0.0003025211
636,2,1,45,3,0.0,2,1,1,159463.8,0,3,1,306,0.0,0.044444444444444446,14.133333333333333,0,0,0.00030244672
613,1,1,69,9,78778.49,1,0,1,8751.59,0,2,1,680,39389.245,0.014492753623188406,8.884057971014492,0,0,0.00030034364
553,0,1,38,3,99844.68,1,0,0,187915.7,0,1,0,869,99844.68,0.02631578947368421,14.552631578947368,0,0,0.00029888368
623,0,0,29,1,0.0,2,0,0,39382.06,0,2,3,252,0.0,0.06896551724137931,21.482758620689655,0,0,0.00029871677
511,1,0,75,9,105609.17,1,0,1,105425.18,0,4,0,567,52804.585,0.013333333333333334,6.8133333333333335,0,0,0.00029853027
822,0,1,32,8,116358.0,1,1,0,108798.36,0,4,0,898,116358.0,0.03125,25.6875,0,0,0.00029809057
754,1,0,39,8,129401.87,1,1,1,87684.93,0,2,1,591,64700.935,0.02564102564102564,19.333333333333332,0,0,0.00029702816
756,0,0,26,5,101641.14,2,0,1,154460.68,0,5,1,351,50820.57,0.07692307692307693,29.076923076923077,0,0,0.00029597856
657,2,1,75,7,126273.95,1,0,1,91673.6,0,1,1,554,63136.975,0.013333333333333334,8.76,0,0,0.00029587134
719,2,0,35,8,0.0,1,1,1,165162.4,0,5,0,569,0.0,0.02857142857142857,20.542857142857144,0,0,0.00029541136
554,0,1,40,4,0.0,1,0,1,168780.04,0,5,3,544,0.0,0.025,13.85,0,0,0.00029530632
584,1,1,42,3,137479.13,1,1,0,25669.1,0,3,2,534,137479.13,0.023809523809523808,13.904761904761905,0,0,0.0002952334
559,1,0,28,3,152264.81,1,0,0,64242.31,0,1,0,908,152264.81,0.03571428571428571,19.964285714285715,0,0,0.00029365407
583,2,0,22,2,0.0,2,0,1,5985.36,0,5,0,307,0.0,0.09090909090909091,26.5,0,0,0.00029359528
625,0,0,38,7,0.0,1,1,0,164804.02,0,1,0,480,0.0,0.02631578947368421,16.44736842105263,0,0,0.00029227763
643,0,1,36,7,161064.64,2,0,1,84294.82,0,1,3,233,80532.32,0.05555555555555555,17.86111111111111,0,0,0.00029204923
480,1,0,25,3,174330.35,2,0,0,181647.13,0,1,0,425,174330.35,0.08,19.2,0,0,0.0002913723
554,0,0,39,10,160132.75,1,1,0,32824.15,0,5,1,981,160132.75,0.02564102564102564,14.205128205128204,0,0,0.00029122454
813,1,0,25,5,123616.43,1,0,1,132959.33,0,1,1,562,61808.215,0.04,32.52,0,0,0.00029064593
614,1,1,43,8,140733.74,1,1,1,166588.76,0,2,0,912,70366.87,0.023255813953488372,14.279069767441861,0,0,0.00029058414
763,0,0,35,7,115651.6,2,1,1,104706.29,0,4,0,231,57825.8,0.05714285714285714,21.8,0,0,0.0002901188
633,0,1,43,5,0.0,2,1,1,48249.88,0,5,3,250,0.0,0.046511627906976744,14.720930232558139,0,0,0.00028919725
505,1,0,37,10,122453.97,2,1,1,52693.99,0,5,0,254,61226.985,0.05405405405405406,13.64864864864865,0,0,0.00028912778
828,0,1,30,4,73070.18,2,0,0,161671.15,0,4,3,534,73070.18,0.06666666666666667,27.6,0,0,0.00028755615
723,1,0,28,5,91938.31,1,1,0,143481.85,0,1,1,500,91938.31,0.03571428571428571,25.821428571428573,0,0,0.00028492158
498,0,0,29,9,0.0,1,1,0,190035.83,0,4,1,505,0.0,0.034482758620689655,17.17241379310345,0,0,0.00028439617
777,1,0,34,5,96693.66,1,1,1,172618.52,0,2,3,971,48346.83,0.029411764705882353,22.852941176470587,0,0,0.00028358094
850,1,0,35,7,114285.2,1,0,1,129660.59,0,5,1,791,57142.6,0.02857142857142857,24.285714285714285,0,0,0.00028304773
762,0,1,26,6,130428.78,1,1,0,173365.89,0,4,1,858,130428.78,0.038461538461538464,29.307692307692307,0,0,0.00028303533
636,2,0,32,8,0.0,2,1,0,138555.46,0,2,0,336,0.0,0.0625,19.875,0,0,0.0002828311
646,0,1,26,4,139848.17,1,1,0,164696.27,0,2,0,915,139848.17,0.038461538461538464,24.846153846153847,0,0,0.00028245224
686,0,0,39,3,111695.62,1,0,0,136643.84,0,4,0,408,111695.62,0.02564102564102564,17.58974358974359,0,0,0.00028143052
535,0,0,45,2,0.0,2,0,1,170621.55,0,4,1,921,0.0,0.044444444444444446,11.88888888888889,0,0,0.00028098063
729,0,1,34,3,152303.8,1,1,0,12128.69,0,2,2,980,152303.8,0.029411764705882353,21.441176470588236,0,0,0.00028076026
745,2,1,40,3,88466.82,1,0,0,116331.42,0,4,3,645,88466.82,0.025,18.625,0,0,0.00028030985
646,0,1,24,8,0.0,2,0,0,92612.88,0,3,1,239,0.0,0.08333333333333333,26.916666666666668,0,0,0.0002802281
850,0,0,28,1,105245.34,1,0,1,74780.13,0,1,2,495,52622.67,0.03571428571428571,30.357142857142858,0,0,0.00028015408
718,0,0,37,7,0.0,2,1,1,55100.09,0,5,2,239,0.0,0.05405405405405406,19.405405405405407,0,0,0.00027953883
850,0,0,38,0,106831.69,1,0,1,148977.72,0,1,3,658,53415.845,0.02631578947368421,22.36842105263158,0,0,0.00027918353
727,2,0,31,10,96997.09,2,0,0,76614.04,0,2,0,550,96997.09,0.06451612903225806,23.451612903225808,0,0,0.0002786129
648,0,0,34,3,0.0,1,1,0,54726.43,0,1,2,525,0.0,0.029411764705882353,19.058823529411764,0,0,0.00027711794
701,0,0,43,2,160416.56,1,0,1,37266.43,0,1,3,998,80208.28,0.023255813953488372,16.302325581395348,0,0,0.00027681162
850,0,0,32,5,106290.64,1,1,0,121982.73,0,4,0,946,106290.64,0.03125,26.5625,0,0,0.00027674172
730,2,1,26,6,0.0,2,1,1,185808.7,0,4,1,325,0.0,0.07692307692307693,28.076923076923077,0,0,0.00027623295
598,2,0,56,4,98365.33,1,1,1,44251.33,0,5,0,850,49182.665,0.017857142857142856,10.678571428571429,0,0,0.00027589104
755,0,1,31,5,0.0,2,0,1,194660.78,0,4,0,535,0.0,0.06451612903225806,24.35483870967742,0,0,0.00027580507
809,2,1,33,9,0.0,1,1,1,124045.65,0,5,1,452,0.0,0.030303030303030304,24.515151515151516,0,0,0.00027579954
819,0,1,35,1,0.0,2,0,1,3385.04,0,1,1,521,0.0,0.05714285714285714,23.4,0,0,0.00027562366
678,2,0,61,8,0.0,2,1,1,159938.82,0,1,3,617,0.0,0.03278688524590164,11.114754098360656,0,0,0.00027515343
671,2,1,38,0,92674.94,2,1,0,3647.57,0,4,3,759,92674.94,0.05263157894736842,17.657894736842106,0,0,0.00027509808
691,1,1,30,7,101231.77,2,0,0,156529.44,0,2,1,368,101231.77,0.06666666666666667,23.033333333333335,0,0,0.0002750839
850,2,1,44,8,0.0,2,1,1,183617.32,0,1,1,783,0.0,0.045454545454545456,19.318181818181817,0,0,0.00027499424
623,0,0,35,5,0.0,2,1,0,101192.08,0,2,0,311,0.0,0.05714285714285714,17.8,0,0,0.00027395456
662,2,0,72,7,140301.72,1,0,1,179258.67,0,4,0,832,70150.86,0.013888888888888888,9.194444444444445,0,0,0.00027377257
563,0,0,34,6,139810.34,1,1,1,152417.79,0,5,0,254,69905.17,0.029411764705882353,16.558823529411764,0,0,0.00027324609
646,2,1,32,1,0.0,2,1,0,183289.22,0,3,0,307,0.0,0.0625,20.1875,0,0,0.0002730591
506,1,1,59,8,119152.1,2,1,1,170679.74,0,2,3,979,59576.05,0.03389830508474576,8.576271186440678,0,0,0.00027290112
757,0,0,71,0,88084.13,2,1,1,154337.47,0,4,2,522,44042.065,0.028169014084507043,10.661971830985916,0,0,0.00027251008
733,1,1,48,7,85915.52,1,1,1,23860.5,0,2,1,857,42957.76,0.020833333333333332,15.270833333333334,0,0,0.00027161674
508,0,0,43,9,0.0,1,1,0,103726.71,0,3,0,981,0.0,0.023255813953488372,11.813953488372093,0,0,0.00027018174
572,1,0,19,1,138657.08,1,1,1,16161.82,0,3,2,263,69328.54,0.05263157894736842,30.105263157894736,0,0,0.0002698862
553,0,0,27,3,0.0,2,0,0,159800.16,0,5,1,300,0.0,0.07407407407407407,20.48148148148148,0,0,0.0002695853
697,1,1,31,3,108805.42,2,0,1,123825.83,0,1,0,342,54402.71,0.06451612903225806,22.483870967741936,0,0,0.00026945784
734,0,1,51,1,118537.47,1,1,1,116912.45,0,2,0,697,59268.735,0.0196078431372549,14.392156862745098,0,0,0.00026866517
652,0,1,27,10,107303.72,2,0,0,44435.76,0,2,1,986,107303.72,0.07407407407407407,24.14814814814815,0,0,0.0002657378
545,0,0,26,1,0.0,2,1,1,199638.56,0,5,2,902,0.0,0.07692307692307693,20.96153846153846,0,0,0.00026544204
651,0,1,28,10,79562.98,1,1,1,74687.37,0,3,3,251,39781.49,0.03571428571428571,23.25,0,0,0.00026533223
803,2,0,45,7,0.0,2,1,1,128378.04,0,1,2,589,0.0,0.044444444444444446,17.844444444444445,0,0,0.00026533147
625,0,1,45,7,137555.44,1,0,0,124607.7,0,3,3,622,137555.44,0.022222222222222223,13.88888888888889,0,0,0.00026509556
814,1,1,29,8,97086.4,2,1,1,197276.13,0,2,1,965,48543.2,0.06896551724137931,28.06896551724138,0,0,0.00026483458
659,1,1,39,8,106259.63,2,1,1,198103.32,0,3,2,296,53129.815,0.05128205128205128,16.897435897435898,0,0,0.00026475784
541,0,0,39,6,109844.81,1,1,0,25289.23,0,4,0,884,109844.81,0.02564102564102564,13.871794871794872,0,0,0.0002647326
634,0,0,45,2,0.0,1,1,1,143458.31,0,3,0,863,0.0,0.022222222222222223,14.088888888888889,0,0,0.0002644483
775,1,0,38,6,179886.41,2,0,0,153122.58,0,3,2,724,179886.41,0.05263157894736842,20.394736842105264,0,0,0.00026417512
712,0,0,42,1,87842.98,1,0,0,92223.59,0,4,2,927,87842.98,0.023809523809523808,16.952380952380953,0,0,0.00026338318
529,0,1,61,1,0.0,2,1,1,191370.97,0,5,3,589,0.0,0.03278688524590164,8.672131147540984,0,0,0.00026177993
599,0,0,41,2,91328.71,1,1,0,115724.78,0,1,1,381,91328.71,0.024390243902439025,14.609756097560975,0,0,0.00026154294
730,0,0,41,4,167545.32,1,1,0,128246.81,0,3,0,474,167545.32,0.024390243902439025,17.804878048780488,0,0,0.00026150452
668,0,1,46,0,0.0,2,0,0,29388.02,0,1,2,419,0.0,0.043478260869565216,14.521739130434783,0,0,0.0002610601
520,0,1,34,4,134007.9,1,1,1,193209.11,0,5,2,523,67003.95,0.029411764705882353,15.294117647058824,0,0,0.00026043536
470,1,1,39,5,117469.91,2,0,0,63705.9,0,4,0,849,117469.91,0.05128205128205128,12.051282051282051,0,0,0.0002595868
622,0,0,32,6,169089.38,2,1,0,101057.95,0,5,3,238,169089.38,0.0625,19.4375,0,0,0.00025953978
529,0,0,31,6,152310.55,1,1,0,13054.25,0,1,2,691,152310.55,0.03225806451612903,17.06451612903226,0,0,0.00025940497
726,0,0,42,2,109471.79,1,0,1,175161.05,0,5,1,899,54735.895,0.023809523809523808,17.285714285714285,0,0,0.0002576652
597,0,1,28,2,0.0,3,1,1,78707.97,0,3,3,793,0.0,0.10714285714285714,21.321428571428573,0,0,0.00025743735
648,2,0,53,6,111201.41,1,1,1,121542.29,0,4,2,715,55600.705,0.018867924528301886,12.226415094339623,0,0,0.0002569099
850,0,0,28,9,0.0,2,1,0,185821.41,0,3,3,437,0.0,0.07142857142857142,30.357142857142858,0,0,0.0002565195
655,1,1,32,9,113447.01,1,1,0,82084.3,0,5,0,748,113447.01,0.03125,20.46875,0,0,0.0002564398
640,2,1,62,3,0.0,1,1,1,101663.47,0,3,1,395,0.0,0.016129032258064516,10.32258064516129,0,0,0.00025567907
769,0,0,73,1,0.0,1,1,1,29792.11,0,3,0,415,0.0,0.0136986301369863,10.534246575342467,0,0,0.00025539842
466,0,1,26,3,156815.71,1,1,1,137476.09,0,2,1,349,78407.855,0.038461538461538464,17.923076923076923,0,0,0.00025475904
521,1,1,41,8,120586.54,1,0,1,20491.15,0,4,1,486,60293.27,0.024390243902439025,12.707317073170731,0,0,0.00025467816
464,1,1,37,4,155994.15,1,0,0,143665.44,0,4,2,772,155994.15,0.02702702702702703,12.54054054054054,0,0,0.00025466894
714,2,1,45,0,124693.48,1,0,1,187194.15,0,2,2,952,62346.74,0.022222222222222223,15.866666666666667,0,0,0.0002537061
584,0,1,38,9,104584.16,1,1,0,176678.72,0,4,1,565,104584.16,0.02631578947368421,15.368421052631579,0,0,0.00025344497
809,1,1,41,1,79706.25,2,1,0,165675.01,0,5,0,464,79706.25,0.04878048780487805,19.73170731707317,0,0,0.00025279893
850,0,1,66,4,0.0,2,0,1,64350.8,0,5,3,518,0.0,0.030303030303030304,12.878787878787879,0,0,0.00025235172
836,2,0,41,7,150302.84,1,1,1,156036.19,0,2,0,648,75151.42,0.024390243902439025,20.390243902439025,0,0,0.0002521396
665,0,1,39,10,46323.57,1,1,0,136812.02,0,2,1,469,46323.57,0.02564102564102564,17.05128205128205,0,0,0.00025157028
620,0,0,33,9,127638.35,1,1,1,192717.57,0,2,0,466,63819.175,0.030303030303030304,18.78787878787879,0,0,0.0002513377
731,1,1,35,2,127862.93,2,1,0,139083.7,0,1,2,561,127862.93,0.05714285714285714,20.885714285714286,0,0,0.0002513248
831,0,1,30,2,0.0,2,0,1,3430.38,0,1,0,841,0.0,0.06666666666666667,27.7,0,0,0.00025113436
745,0,0,40,6,131184.67,1,1,1,49815.62,0,1,0,966,65592.335,0.025,18.625,0,0,0.0002504426
521,2,0,39,3,146408.68,1,0,0,72993.67,0,3,0,818,146408.68,0.02564102564102564,13.35897435897436,0,0,0.0002503853
618,0,0,40,0,0.0,1,1,0,119059.13,0,5,1,837,0.0,0.025,15.45,0,0,0.000249431
736,0,0,63,10,0.0,2,0,1,502.7,0,4,3,663,0.0,0.031746031746031744,11.682539682539682,0,0,0.00024935137
644,1,1,35,5,161591.11,3,1,1,63795.62,0,4,2,712,80795.555,0.08571428571428572,18.4,0,0,0.0002491926
646,0,0,45,3,47134.75,1,1,1,57236.44,0,3,2,939,23567.375,0.022222222222222223,14.355555555555556,0,0,0.00024849293
660,1,1,28,2,170890.05,2,1,0,41758.9,0,3,0,558,170890.05,0.07142857142857142,23.571428571428573,0,0,0.00024826892
655,0,1,44,8,87471.63,1,0,1,188593.98,0,4,3,712,43735.815,0.022727272727272728,14.886363636363637,0,0,0.00024807488
654,1,1,37,2,145610.07,2,0,0,186300.59,0,5,3,458,145610.07,0.05405405405405406,17.675675675675677,0,0,0.0002479394
699,2,0,25,8,0.0,2,1,1,52404.47,0,5,3,248,0.0,0.08,27.96,0,0,0.00024770616
704,0,1,47,5,0.0,2,1,1,145338.61,0,4,1,308,0.0,0.0425531914893617,14.97872340425532,0,0,0.0002474489
721,0,1,40,3,0.0,1,1,1,144874.67,0,1,3,391,0.0,0.025,18.025,0,0,0.00024707336
513,2,0,41,9,107135.04,2,1,1,160546.58,0,1,0,576,53567.52,0.04878048780487805,12.512195121951219,0,0,0.00024686402
631,2,1,38,7,0.0,2,1,0,181605.85,0,3,0,290,0.0,0.05263157894736842,16.605263157894736,0,0,0.00024679504
615,2,1,42,4,0.0,3,0,1,120321.09,0,5,2,757,0.0,0.07142857142857142,14.642857142857142,0,0,0.00024636014
639,0,1,39,6,150555.83,1,1,0,30414.17,0,5,3,399,150555.83,0.02564102564102564,16.384615384615383,0,0,0.00024631643
791,0,1,36,6,111168.97,1,1,1,189969.91,0,1,0,741,55584.485,0.027777777777777776,21.97222222222222,0,0,0.0002461467
617,2,0,46,3,106521.49,1,0,1,86587.37,0,4,0,693,53260.745,0.021739130434782608,13.41304347826087,0,0,0.00024588447
618,1,1,44,5,157955.83,2,0,0,139297.71,0,5,1,668,157955.83,0.045454545454545456,14.045454545454545,0,0,0.00024577737
810,0,0,38,9,153166.17,1,1,1,93261.69,0,2,0,474,76583.085,0.02631578947368421,21.31578947368421,0,0,0.00024538493
616,1,1,29,8,149318.55,1,1,0,140746.13,0,1,2,564,149318.55,0.034482758620689655,21.24137931034483,0,0,0.00024536642
759,0,0,22,5,0.0,1,1,0,22303.17,0,1,0,758,0.0,0.045454545454545456,34.5,0,0,0.0002443171
737,0,1,30,8,174356.13,1,0,0,31928.5,0,5,2,403,174356.13,0.03333333333333333,24.566666666666666,0,0,0.00024403729
538,0,1,33,6,93791.38,1,1,1,199249.29,0,5,2,718,46895.69,0.030303030303030304,16.303030303030305,0,0,0.00024399959
766,1,0,28,4,90696.78,1,0,1,21597.2,0,1,2,599,45348.39,0.03571428571428571,27.357142857142858,0,0,0.0002437185
668,2,0,69,9,0.0,1,0,1,134483.07,0,5,2,397,0.0,0.014492753623188406,9.681159420289855,0,0,0.00024352477
660,0,1,30,7,146301.31,1,0,0,96847.91,0,1,2,950,146301.31,0.03333333333333333,22.0,0,0,0.0002430991
687,0,0,31,2,0.0,2,0,1,145411.39,0,3,3,347,0.0,0.06451612903225806,22.161290322580644,0,0,0.00024297487
592,0,0,37,7,0.0,2,1,1,126726.33,0,5,3,241,0.0,0.05405405405405406,16.0,0,0,0.00024293413
708,0,1,32,10,86614.06,2,1,1,172129.26,0,4,2,330,43307.03,0.0625,22.125,0,0,0.00024095396
661,2,1,20,8,0.0,1,1,0,110252.53,0,3,1,330,0.0,0.05,33.05,0,0,0.00024077184
644,2,1,28,0,0.0,2,1,0,119419.37,0,5,1,266,0.0,0.07142857142857142,23.0,0,0,0.00024034867
649,1,0,41,4,115897.73,1,1,0,143544.48,0,3,1,536,115897.73,0.024390243902439025,15.829268292682928,0,0,0.00023981236
630,2,1,30,3,0.0,2,0,1,10486.69,0,5,2,274,0.0,0.06666666666666667,21.0,0,0,0.00023863156
838,2,0,41,5,0.0,2,1,0,81313.51,0,1,3,867,0.0,0.04878048780487805,20.4390243902439,0,0,0.00023793659
655,2,0,78,2,0.0,2,0,1,188435.38,0,5,3,975,0.0,0.02564102564102564,8.397435897435898,0,0,0.00023774609
683,0,1,38,7,109346.13,2,1,0,102665.92,0,4,0,603,109346.13,0.05263157894736842,17.973684210526315,0,0,0.00023753401
723,0,0,40,7,142856.95,2,0,0,38019.74,0,5,2,522,142856.95,0.05,18.075,0,0,0.0002368698
711,0,0,32,1,0.0,2,1,0,126188.42,0,4,3,296,0.0,0.0625,22.21875,0,0,0.00023660256
684,0,1,27,2,134603.88,1,1,1,71725.73,0,3,1,342,67301.94,0.037037037037037035,25.333333333333332,0,0,0.0002365067
734,0,1,30,3,0.0,2,1,0,107640.25,0,4,0,245,0.0,0.06666666666666667,24.466666666666665,0,0,0.0002364483
705,0,1,30,1,0.0,1,1,1,181300.32,0,5,3,554,0.0,0.03333333333333333,23.5,0,0,0.00023456683
544,2,1,37,2,0.0,2,0,0,135067.02,0,5,0,322,0.0,0.05405405405405406,14.702702702702704,0,0,0.00023433079
635,0,0,48,8,130796.33,2,1,1,43250.3,0,4,3,885,65398.165,0.041666666666666664,13.229166666666666,0,0,0.00023374414
566,2,1,63,2,120787.18,2,1,1,52198.84,0,4,3,803,60393.59,0.031746031746031744,8.984126984126984,0,0,0.00023322346
667,2,1,77,2,0.0,1,1,1,34702.92,0,4,0,965,0.0,0.012987012987012988,8.662337662337663,0,0,0.00023310784
489,2,1,58,4,0.0,2,1,1,191419.32,0,4,3,486,0.0,0.034482758620689655,8.431034482758621,0,0,0.00023307718
807,0,1,35,3,174790.15,1,1,1,600.36,0,3,3,861,87395.075,0.02857142857142857,23.057142857142857,0,0,0.00023284374
716,0,0,29,10,87946.39,1,1,1,182531.74,0,1,1,660,43973.195,0.034482758620689655,24.689655172413794,0,0,0.00023207288
523,0,1,30,1,83181.29,1,1,1,138176.78,0,4,3,246,41590.645,0.03333333333333333,17.433333333333334,0,0,0.00023186342
500,2,1,38,7,0.0,2,0,0,192013.23,0,2,0,870,0.0,0.05263157894736842,13.157894736842104,0,0,0.00023164533
573,0,1,35,9,0.0,2,1,0,11743.89,0,4,0,253,0.0,0.05714285714285714,16.37142857142857,0,0,0.00023154575
653,1,1,31,9,143321.97,1,1,0,83679.46,0,3,0,495,143321.97,0.03225806451612903,21.06451612903226,0,0,0.00023143605
554,0,1,44,7,85304.27,1,1,1,58076.52,0,4,1,895,42652.135,0.022727272727272728,12.590909090909092,0,0,0.00023126489
656,0,1,37,7,112291.34,1,1,0,153157.97,0,5,3,722,112291.34,0.02702702702702703,17.72972972972973,0,0,0.00023107466
562,2,1,36,5,0.0,1,0,1,182843.24,0,5,0,615,0.0,0.027777777777777776,15.61111111111111,0,0,0.0002309729
610,1,1,57,6,106938.11,2,0,1,186612.47,0,4,0,913,53469.055,0.03508771929824561,10.701754385964913,0,0,0.00023072351
669,0,1,37,4,0.0,1,1,0,132540.33,0,5,2,968,0.0,0.02702702702702703,18.08108108108108,0,0,0.00023065819
662,2,1,20,9,104508.77,2,0,0,73107.53,0,5,0,944,104508.77,0.1,33.1,0,0,0.0002305188
566,0,1,34,3,0.0,1,0,0,188135.69,0,4,1,999,0.0,0.029411764705882353,16.647058823529413,0,0,0.00023036457
719,2,1,38,0,0.0,1,1,0,126876.47,0,1,3,954,0.0,0.02631578947368421,18.92105263157895,0,0,0.00023024161
481,0,0,28,10,0.0,2,1,0,145215.96,0,4,2,318,0.0,0.07142857142857142,17.178571428571427,0,0,0.0002300836
639,2,1,34,5,139393.19,2,0,0,33950.08,0,2,0,883,139393.19,0.058823529411764705,18.794117647058822,0,0,0.00023004763
641,2,1,31,3,153316.14,1,1,0,59927.99,0,4,0,667,153316.14,0.03225806451612903,20.677419354838708,0,0,0.00022907386
850,0,0,36,6,0.0,2,1,1,190194.95,0,1,1,978,0.0,0.05555555555555555,23.61111111111111,0,0,0.00022793091
506,1,1,28,8,53053.76,1,0,1,24577.34,0,3,1,340,26526.88,0.03571428571428571,18.071428571428573,0,0,0.00022792352
797,0,1,30,10,69413.44,1,1,1,74637.57,0,4,1,856,34706.72,0.03333333333333333,26.566666666666666,0,0,0.00022749843
714,0,0,40,0,0.0,2,1,0,62762.12,0,1,3,970,0.0,0.05,17.85,0,0,0.0002271707
637,0,0,33,7,103377.81,1,1,0,84419.78,0,1,3,449,103377.81,0.030303030303030304,19.303030303030305,0,0,0.00022603662
416,0,1,32,0,0.0,2,0,1,878.87,0,5,1,884,0.0,0.0625,13.0,0,0,0.0002253304
635,2,0,29,8,138296.94,2,1,0,141075.51,0,1,2,608,138296.94,0.06896551724137931,21.896551724137932,0,0,0.00022459704
638,0,0,48,10,138333.03,1,1,1,47679.14,0,3,3,893,69166.515,0.020833333333333332,13.291666666666666,0,0,0.00022413989
850,1,1,36,7,102800.72,1,1,1,87352.43,0,1,0,471,51400.36,0.027777777777777776,23.61111111111111,0,0,0.00022354825
553,2,0,39,1,142876.98,2,1,0,44363.42,0,4,2,649,142876.98,0.05128205128205128,14.179487179487179,0,0,0.00022295053
733,1,1,39,5,91538.51,1,1,1,93783.0,0,3,2,336,45769.255,0.02564102564102564,18.794871794871796,0,0,0.00022213745
762,2,1,29,10,115545.33,2,1,0,148256.43,0,3,2,931,115545.33,0.06896551724137931,26.275862068965516,0,0,0.00022192279
748,2,1,60,3,0.0,2,1,1,78194.37,0,1,0,505,0.0,0.03333333333333333,12.466666666666667,0,0,0.00022168149
731,2,1,46,10,0.0,2,1,0,153015.42,0,2,1,416,0.0,0.043478260869565216,15.891304347826088,0,0,0.00022135305
768,0,0,36,5,180169.44,2,1,0,17348.56,0,2,1,760,180169.44,0.05555555555555555,21.333333333333332,0,0,0.00022016276
633,2,1,33,4,137847.41,2,1,0,98349.13,0,1,0,836,137847.41,0.06060606060606061,19.181818181818183,0,0,0.00021989991
670,0,0,33,7,0.0,2,1,1,88187.81,0,2,0,241,0.0,0.06060606060606061,20.303030303030305,0,0,0.00021989299
778,0,1,33,1,0.0,2,1,0,85439.73,0,2,0,624,0.0,0.06060606060606061,23.575757575757574,0,0,0.0002196271
638,0,0,34,7,0.0,2,1,1,198969.78,0,4,3,577,0.0,0.058823529411764705,18.764705882352942,0,0,0.00021912278
675,0,0,21,8,98373.26,1,1,0,18203.0,0,5,3,985,98373.26,0.047619047619047616,32.142857142857146,0,0,0.00021911674
624,0,0,62,7,125163.62,2,1,1,151411.5,0,5,1,513,62581.81,0.03225806451612903,10.064516129032258,0,0,0.00021891437
547,0,0,51,1,0.0,2,1,1,56908.41,0,2,3,868,0.0,0.0392156862745098,10.72549019607843,0,0,0.00021890394
748,0,1,44,2,92911.52,1,0,1,85495.24,0,5,2,805,46455.76,0.022727272727272728,17.0,0,0,0.00021832697
679,0,1,40,1,0.0,1,1,1,16897.19,0,5,2,713,0.0,0.025,16.975,0,0,0.00021829763
626,0,1,44,10,0.0,2,0,0,164287.86,0,4,1,627,0.0,0.045454545454545456,14.227272727272727,0,0,0.00021791997
627,0,1,73,0,146329.73,1,0,1,43615.67,0,2,0,871,73164.865,0.0136986301369863,8.58904109589041,0,0,0.00021758859
657,0,0,37,6,95845.6,1,1,0,122218.23,0,5,1,517,95845.6,0.02702702702702703,17.756756756756758,0,0,0.00021738104
849,0,1,35,4,110837.73,1,0,0,126419.8,0,3,2,599,110837.73,0.02857142857142857,24.257142857142856,0,0,0.00021726395
494,1,1,37,5,107106.33,2,1,0,172063.09,0,3,2,586,107106.33,0.05405405405405406,13.35135135135135,0,0,0.00021658183
454,0,1,34,4,0.0,2,1,0,198817.72,0,2,2,731,0.0,0.058823529411764705,13.352941176470589,0,0,0.00021653352
430,0,1,31,5,0.0,1,1,0,95655.16,0,1,1,533,0.0,0.03225806451612903,13.870967741935484,0,0,0.00021627086
714,2,1,29,9,0.0,2,1,0,129192.55,0,3,0,323,0.0,0.06896551724137931,24.620689655172413,0,0,0.00021576317
585,1,1,44,7,163867.86,1,1,1,112333.22,0,1,2,473,81933.93,0.022727272727272728,13.295454545454545,0,0,0.00021520082
709,0,0,32,7,0.0,2,1,1,199418.02,0,5,1,529,0.0,0.0625,22.15625,0,0,0.00021436528
586,0,0,52,6,140900.97,1,1,1,67288.89,0,3,3,396,70450.485,0.019230769230769232,11.26923076923077,0,0,0.00021425514
627,2,1,40,10,0.0,2,1,1,194792.42,0,5,1,545,0.0,0.05,15.675,0,0,0.0002140728
690,0,1,36,7,101583.11,2,1,0,123775.15,0,2,0,423,101583.11,0.05555555555555555,19.166666666666668,0,0,0.00021397669
642,2,0,33,9,0.0,2,1,1,150475.14,0,4,1,341,0.0,0.06060606060606061,19.454545454545453,0,0,0.00021330509
794,2,1,31,0,144880.34,2,0,1,175643.44,0,3,2,542,72440.17,0.06451612903225806,25.612903225806452,0,0,0.00021314326
554,2,1,26,8,149134.46,1,1,1,177966.24,0,1,3,631,74567.23,0.038461538461538464,21.307692307692307,0,0,0.00021090476
705,0,0,50,4,77065.9,2,0,1,145159.26,0,4,2,726,38532.95,0.04,14.1,0,0,0.00021062222
601,0,0,37,5,0.0,1,0,0,20708.6,0,2,1,987,0.0,0.02702702702702703,16.243243243243242,0,0,0.00021025926
526,0,0,37,5,53573.18,1,1,0,62830.97,0,4,1,870,53573.18,0.02702702702702703,14.216216216216216,0,0,0.00021021275
811,0,1,42,10,0.0,2,1,1,3797.79,0,5,3,750,0.0,0.047619047619047616,19.30952380952381,0,0,0.00020996416
724,0,1,29,4,0.0,1,1,0,8982.75,0,5,1,881,0.0,0.034482758620689655,24.96551724137931,0,0,0.00020987088
678,2,0,49,1,0.0,2,1,1,102472.9,0,1,1,502,0.0,0.04081632653061224,13.83673469387755,0,0,0.00020974205
649,2,0,38,8,0.0,1,1,0,103760.53,0,2,3,858,0.0,0.02631578947368421,17.07894736842105,0,0,0.00020942991
420,1,0,31,1,108377.75,2,1,1,9904.63,0,2,0,593,54188.875,0.06451612903225806,13.548387096774194,0,0,0.00020846666
535,0,0,29,2,112367.34,1,1,0,185630.76,0,2,2,989,112367.34,0.034482758620689655,18.448275862068964,0,0,0.00020784188
850,2,1,41,8,132838.07,1,1,1,175347.28,0,4,0,751,66419.035,0.024390243902439025,20.73170731707317,0,0,0.00020605238
491,0,0,36,0,53369.13,1,1,1,103934.12,0,1,1,540,26684.565,0.027777777777777776,13.63888888888889,0,0,0.00020593063
491,2,0,61,8,0.0,2,0,1,139861.53,0,4,2,973,0.0,0.03278688524590164,8.049180327868852,0,0,0.00020540702
781,2,1,35,4,80790.74,1,1,0,116429.51,0,2,3,456,80790.74,0.02857142857142857,22.314285714285713,0,0,0.00020533614
559,2,0,27,1,0.0,1,0,1,1050.33,0,5,0,658,0.0,0.037037037037037035,20.703703703703702,0,0,0.0002050284
850,0,1,34,6,0.0,1,0,1,52796.31,0,3,1,831,0.0,0.029411764705882353,25.0,0,0,0.0002048373
701,0,0,34,3,105588.66,1,0,1,74694.41,0,4,3,316,52794.33,0.029411764705882353,20.61764705882353,0,0,0.00020466218
741,2,0,42,9,121056.63,2,1,0,39122.58,0,4,2,872,121056.63,0.047619047619047616,17.642857142857142,0,0,0.0002043237
705,1,0,40,3,92889.91,1,1,1,109496.69,0,1,2,451,46444.955,0.025,17.625,0,0,0.00020420158
850,0,0,34,2,0.0,2,0,0,51919.04,0,4,0,506,0.0,0.058823529411764705,25.0,0,0,0.00020332071
647,1,1,35,3,192407.97,1,1,1,40145.28,0,3,0,962,96203.985,0.02857142857142857,18.485714285714284,0,0,0.00020282116
754,2,0,19,9,0.0,1,1,0,189641.11,0,3,3,933,0.0,0.05263157894736842,39.68421052631579,0,0,0.00020269898
651,1,0,25,2,109175.14,2,1,0,114566.47,0,1,3,652,109175.14,0.08,26.04,0,0,0.00020232226
555,1,1,41,10,113270.2,2,1,1,185387.14,0,1,3,398,56635.1,0.04878048780487805,13.536585365853659,0,0,0.00020227442
805,0,0,31,4,0.0,2,1,0,4798.12,0,2,2,863,0.0,0.06451612903225806,25.967741935483872,0,0,0.00020189407
633,2,1,42,10,0.0,1,0,1,79408.17,0,2,3,660,0.0,0.023809523809523808,15.071428571428571,0,0,0.00020094917
456,1,1,32,9,133060.63,1,1,1,125167.92,0,2,0,655,66530.315,0.03125,14.25,0,0,0.00020059598
748,0,0,41,2,91621.69,1,1,1,71139.31,0,5,3,896,45810.845,0.024390243902439025,18.24390243902439,0,0,0.0002002436
737,2,0,45,2,0.0,2,0,1,177695.67,0,2,1,614,0.0,0.044444444444444446,16.377777777777776,0,0,0.00020014663
850,2,1,22,2,0.0,2,1,1,9684.52,0,1,1,793,0.0,0.09090909090909091,38.63636363636363,0,0,0.00019990403
637,0,1,32,3,0.0,2,1,1,197827.06,0,5,3,704,0.0,0.0625,19.90625,0,0,0.00019942713
766,0,0,26,3,104258.8,1,1,1,428.23,0,5,3,392,52129.4,0.038461538461538464,29.46153846153846,0,0,0.00019938378
605,0,0,36,6,0.0,1,0,1,690.84,0,4,0,373,0.0,0.027777777777777776,16.805555555555557,0,0,0.00019933723
680,0,0,47,5,0.0,2,1,1,179843.33,0,1,0,735,0.0,0.0425531914893617,14.46808510638298,0,0,0.00019928475
714,1,0,35,6,126077.43,2,1,1,53954.24,0,2,0,352,63038.715,0.05714285714285714,20.4,0,0,0.00019838045
470,2,0,31,2,101675.22,2,1,0,45033.75,0,1,3,788,101675.22,0.06451612903225806,15.161290322580646,0,0,0.00019741793
762,2,1,35,9,122929.42,2,0,0,149822.04,0,3,3,504,122929.42,0.05714285714285714,21.771428571428572,0,0,0.00019694302
727,0,0,29,1,146652.01,1,1,1,173486.39,0,1,0,518,73326.005,0.034482758620689655,25.06896551724138,0,0,0.00019671461
708,1,1,42,9,176702.36,2,1,1,104804.74,0,1,3,942,88351.18,0.047619047619047616,16.857142857142858,0,0,0.00019629473
744,2,0,26,5,166297.89,1,1,1,181694.44,0,1,2,526,83148.945,0.038461538461538464,28.615384615384617,0,0,0.00019578723
775,2,1,30,4,0.0,2,0,1,57461.13,0,5,2,368,0.0,0.06666666666666667,25.833333333333332,0,0,0.0001957557
627,1,1,29,5,139541.58,2,1,0,80607.33,0,1,0,662,139541.58,0.06896551724137931,21.620689655172413,0,0,0.00019567955
646,1,1,48,8,169023.33,2,1,1,175657.55,0,4,2,593,84511.665,0.041666666666666664,13.458333333333334,0,0,0.00019540417
565,0,0,44,1,0.0,2,0,1,89602.81,0,1,3,691,0.0,0.045454545454545456,12.840909090909092,0,0,0.00019506128
589,0,0,50,4,0.0,2,0,1,182076.97,0,4,2,441,0.0,0.04,11.78,0,0,0.00019498578
650,0,1,32,2,84906.45,1,1,0,163216.48,0,1,1,902,84906.45,0.03125,20.3125,0,0,0.0001944967
664,0,0,41,5,0.0,1,1,1,152054.33,0,5,2,550,0.0,0.024390243902439025,16.195121951219512,0,0,0.00019412578
633,0,1,29,10,130206.28,1,1,0,184654.87,0,5,1,957,130206.28,0.034482758620689655,21.82758620689655,0,0,0.00019336467
761,0,0,33,6,138053.79,2,1,0,148779.41,0,1,2,985,138053.79,0.06060606060606061,23.060606060606062,0,0,0.00019330459
698,1,1,55,8,155059.1,2,1,1,144584.29,0,2,1,976,77529.55,0.03636363636363636,12.690909090909091,0,0,0.00019299352
652,0,1,31,2,119148.55,1,0,0,149740.22,0,1,2,718,119148.55,0.03225806451612903,21.032258064516128,0,0,0.00019279268
532,0,0,40,5,0.0,2,0,1,177099.71,0,4,0,712,0.0,0.05,13.3,0,0,0.00019269931
463,2,0,35,2,0.0,2,1,1,1950.93,0,2,0,803,0.0,0.05714285714285714,13.228571428571428,0,0,0.0001925476
554,0,0,39,10,0.0,2,1,1,18391.93,0,2,0,565,0.0,0.05128205128205128,14.205128205128204,0,0,0.00019184573
505,2,1,35,8,116932.59,1,1,0,91092.84,0,4,2,671,116932.59,0.02857142857142857,14.428571428571429,0,0,0.00019183915
531,0,0,42,2,0.0,2,0,1,90537.47,0,2,1,556,0.0,0.047619047619047616,12.642857142857142,0,0,0.000191715
715,0,1,34,4,124314.45,1,0,0,97782.92,0,2,3,874,124314.45,0.029411764705882353,21.029411764705884,0,0,0.00019082919
734,2,1,39,6,0.0,1,1,1,95135.27,0,1,1,593,0.0,0.02564102564102564,18.82051282051282,0,0,0.00019058333
663,0,1,67,9,0.0,3,1,1,72318.77,0,3,2,747,0.0,0.04477611940298507,9.895522388059701,0,0,0.00018976608
721,2,1,33,5,0.0,2,0,1,117626.9,0,1,3,300,0.0,0.06060606060606061,21.848484848484848,0,0,0.00018941629
605,1,0,31,1,117992.59,1,1,1,183598.77,0,2,3,496,58996.295,0.03225806451612903,19.516129032258064,0,0,0.00018899071
738,2,0,33,3,122134.4,2,0,1,27867.59,0,4,3,298,61067.2,0.06060606060606061,22.363636363636363,0,0,0.0001889817
540,2,0,31,10,118158.74,1,1,1,158027.57,0,4,3,645,59079.37,0.03225806451612903,17.419354838709676,0,0,0.00018878054
531,2,1,27,8,132576.25,1,0,0,7222.92,0,5,3,835,132576.25,0.037037037037037035,19.666666666666668,0,0,0.00018860566
597,0,1,45,7,0.0,2,0,0,167756.45,0,2,2,972,0.0,0.044444444444444446,13.266666666666667,0,0,0.00018847352
651,2,0,63,8,129968.67,1,1,1,11830.53,0,3,2,746,64984.335,0.015873015873015872,10.333333333333334,0,0,0.0001879746
548,1,1,32,2,98986.28,1,1,1,55867.38,0,4,0,315,49493.14,0.03125,17.125,0,0,0.00018788213
769,0,0,26,7,0.0,2,1,0,176843.53,0,1,1,667,0.0,0.07692307692307693,29.576923076923077,0,0,0.00018782695
612,0,0,43,4,139496.35,2,1,1,77128.23,0,2,1,590,69748.175,0.046511627906976744,14.232558139534884,0,0,0.00018771183
679,2,0,28,9,0.0,2,0,1,61761.77,0,3,1,293,0.0,0.07142857142857142,24.25,0,0,0.0001874777
727,2,1,38,2,62276.99,1,1,1,59280.79,0,4,0,757,31138.495,0.02631578947368421,19.13157894736842,0,0,0.00018726796
754,0,1,37,6,0.0,1,1,1,116141.72,0,5,3,495,0.0,0.02702702702702703,20.37837837837838,0,0,0.00018670368
502,1,0,32,1,173340.83,1,0,1,122763.95,0,1,2,434,86670.415,0.03125,15.6875,0,0,0.00018639861
551,0,0,38,10,0.0,2,1,1,216.27,0,2,3,912,0.0,0.05263157894736842,14.5,0,0,0.00018624334
750,0,1,33,2,152302.72,1,1,0,71333.44,0,3,2,971,152302.72,0.030303030303030304,22.727272727272727,0,0,0.00018617943
678,1,1,83,6,123356.63,1,0,1,92934.41,0,4,0,753,61678.315,0.012048192771084338,8.168674698795181,0,0,0.00018612813
558,0,1,27,1,152283.39,1,1,0,183271.15,0,1,1,783,152283.39,0.037037037037037035,20.666666666666668,0,0,0.00018563186
687,2,0,50,5,0.0,2,1,0,110230.4,0,1,2,878,0.0,0.04,13.74,0,0,0.00018557029
752,1,1,30,4,81523.38,1,1,1,36885.85,0,1,3,403,40761.69,0.03333333333333333,25.066666666666666,0,0,0.00018553843
777,2,0,35,3,0.0,2,1,1,17257.72,0,2,1,616,0.0,0.05714285714285714,22.2,0,0,0.0001854233
850,0,1,37,6,0.0,2,1,0,109291.22,0,1,0,740,0.0,0.05405405405405406,22.972972972972972,0,0,0.00018510163
461,0,0,35,5,0.0,1,1,1,54209.02,0,2,1,710,0.0,0.02857142857142857,13.17142857142857,0,0,0.0001850658
706,0,1,18,2,176139.5,2,1,0,129654.22,0,3,2,405,176139.5,0.1111111111111111,39.22222222222222,0,0,0.0001843963
769,1,1,43,4,110182.54,2,1,1,87537.32,0,2,2,505,55091.27,0.046511627906976744,17.88372093023256,0,0,0.00018438749
546,0,0,30,5,0.0,2,0,1,198543.09,0,4,0,808,0.0,0.06666666666666667,18.2,0,0,0.00018435181
613,2,1,29,0,0.0,2,0,1,133897.32,0,5,3,291,0.0,0.06896551724137931,21.137931034482758,0,0,0.0001837744
741,1,1,36,8,116993.43,2,1,0,168816.22,0,3,3,612,116993.43,0.05555555555555555,20.583333333333332,0,0,0.00018342218
669,0,0,31,6,113000.66,1,1,0,40467.82,0,4,1,655,113000.66,0.03225806451612903,21.580645161290324,0,0,0.00018325419
662,0,0,39,5,139562.05,2,1,0,61636.22,0,4,2,871,139562.05,0.05128205128205128,16.974358974358974,0,0,0.0001830394
689,2,0,55,4,0.0,2,1,1,58442.25,0,2,2,977,0.0,0.03636363636363636,12.527272727272727,0,0,0.00018234435
627,1,1,62,3,143426.34,2,1,1,143104.3,0,4,0,875,71713.17,0.03225806451612903,10.112903225806452,0,0,0.00018233826
585,0,1,56,4,138227.19,2,1,1,55287.84,0,4,1,708,69113.595,0.03571428571428571,10.446428571428571,0,0,0.00018227464
667,0,1,44,8,122277.87,1,1,1,91810.71,0,5,2,950,61138.935,0.022727272727272728,15.159090909090908,0,0,0.00018207802
595,0,0,39,7,120962.13,1,0,0,23305.01,0,3,0,359,120962.13,0.02564102564102564,15.256410256410257,0,0,0.00018076866
679,1,0,32,0,88335.05,1,0,0,159584.81,0,5,0,641,88335.05,0.03125,21.21875,0,0,0.0001798861
778,0,1,37,3,141803.77,1,0,1,179421.84,0,3,1,397,70901.885,0.02702702702702703,21.027027027027028,0,0,0.00017971534
693,2,0,57,9,0.0,2,1,1,135502.77,0,4,3,401,0.0,0.03508771929824561,12.157894736842104,0,0,0.0001795225
464,0,1,38,3,116439.65,1,1,0,75574.48,0,5,0,434,116439.65,0.02631578947368421,12.210526315789474,0,0,0.0001790237
827,0,0,60,2,0.0,2,0,1,60615.83,0,3,0,750,0.0,0.03333333333333333,13.783333333333333,0,0,0.00017899484
688,0,0,32,6,123157.95,1,1,0,172531.23,0,3,1,499,123157.95,0.03125,21.5,0,0,0.00017894656
551,0,0,45,6,0.0,2,1,1,51143.43,0,1,1,692,0.0,0.044444444444444446,12.244444444444444,0,0,0.00017873698
587,1,0,38,0,132122.42,2,0,0,31730.32,0,5,0,916,132122.42,0.05263157894736842,15.447368421052632,0,0,0.00017870257
645,0,0,48,7,90612.34,1,1,1,149139.13,0,3,0,803,45306.17,0.020833333333333332,13.4375,0,0,0.00017847471
613,2,1,44,9,100524.69,1,1,1,47298.95,0,4,0,484,50262.345,0.022727272727272728,13.931818181818182,0,0,0.00017822727
593,0,1,41,6,0.0,2,1,1,99136.49,0,4,3,313,0.0,0.04878048780487805,14.463414634146341,0,0,0.00017814488
850,1,1,43,5,129305.09,2,0,1,19244.58,0,4,2,615,64652.545,0.046511627906976744,19.767441860465116,0,0,0.00017785109
799,2,1,38,2,0.0,2,1,1,59297.34,0,1,0,780,0.0,0.05263157894736842,21.026315789473685,0,0,0.00017784668
735,2,1,36,5,0.0,2,1,0,105152.17,0,3,2,259,0.0,0.05555555555555555,20.416666666666668,0,0,0.00017745183
747,1,1,29,7,117726.33,1,1,1,175398.34,0,5,1,942,58863.165,0.034482758620689655,25.75862068965517,0,0,0.00017644659
700,0,0,32,3,0.0,1,0,0,95740.37,0,2,3,790,0.0,0.03125,21.875,0,0,0.0001764355
521,0,1,30,2,107316.09,1,1,0,64299.82,0,2,3,945,107316.09,0.03333333333333333,17.366666666666667,0,0,0.00017632265
548,2,1,38,0,178056.54,2,1,0,38434.73,0,5,3,427,178056.54,0.05263157894736842,14.421052631578947,0,0,0.00017553255
712,0,1,34,1,0.0,2,1,1,195052.12,0,1,2,966,0.0,0.058823529411764705,20.941176470588236,0,0,0.00017548887
702,1,1,36,9,90560.48,2,1,0,174268.87,0,2,2,941,90560.48,0.05555555555555555,19.5,0,0,0.00017503432
691,0,1,26,9,136623.19,1,1,0,153228.0,0,3,1,550,136623.19,0.038461538461538464,26.576923076923077,0,0,0.00017498409
571,0,0,38,6,107193.82,2,0,0,38962.94,0,4,2,670,107193.82,0.05263157894736842,15.026315789473685,0,0,0.00017495056
773,2,0,23,8,0.0,2,1,0,56759.79,0,5,0,359,0.0,0.08695652173913043,33.608695652173914,0,0,0.00017493038
850,2,1,37,4,137204.77,1,1,1,28865.59,0,5,0,687,68602.385,0.02702702702702703,22.972972972972972,0,0,0.00017467853
663,1,1,37,7,143625.83,2,0,1,176487.05,0,3,3,342,71812.915,0.05405405405405406,17.91891891891892,0,0,0.00017467003
646,0,0,37,7,96558.66,1,0,0,163427.18,0,3,2,493,96558.66,0.02702702702702703,17.45945945945946,0,0,0.00017427011
679,0,1,39,0,86843.61,1,0,1,159830.58,0,5,2,1000,43421.805,0.02564102564102564,17.41025641025641,0,0,0.00017402302
592,2,1,55,8,85845.43,2,1,1,128918.42,0,2,2,564,42922.715,0.03636363636363636,10.763636363636364,0,0,0.00017395949
604,0,0,34,7,0.0,2,1,0,193021.49,0,2,3,457,0.0,0.058823529411764705,17.764705882352942,0,0,0.00017340586
490,1,1,33,5,96341.0,2,0,0,108313.34,0,1,0,707,96341.0,0.06060606060606061,14.848484848484848,0,0,0.00017293922
696,2,1,24,9,0.0,1,0,0,10883.52,0,3,3,916,0.0,0.041666666666666664,29.0,0,0,0.00017282565
782,0,0,70,7,97072.42,1,0,1,131177.22,0,3,1,714,48536.21,0.014285714285714285,11.17142857142857,0,0,0.00017246974
850,1,0,25,8,69385.17,2,1,0,87834.24,0,4,3,722,69385.17,0.08,34.0,0,0,0.0001724597
632,2,1,47,3,0.0,2,1,0,178822.32,0,3,0,980,0.0,0.0425531914893617,13.446808510638299,0,0,0.00017221189
742,1,1,33,1,137937.95,1,1,1,51387.1,0,4,3,954,68968.975,0.030303030303030304,22.484848484848484,0,0,0.00017219385
626,0,1,33,8,0.0,2,1,0,138504.28,0,4,2,331,0.0,0.06060606060606061,18.96969696969697,0,0,0.00017212817
653,0,1,43,0,0.0,2,1,0,27862.58,0,2,3,901,0.0,0.046511627906976744,15.186046511627907,0,0,0.00017210357
637,0,1,32,5,0.0,1,0,0,148769.08,0,2,1,491,0.0,0.03125,19.90625,0,0,0.00017203711
691,2,1,21,3,103000.94,1,1,1,104648.58,0,3,3,346,51500.47,0.047619047619047616,32.904761904761905,0,0,0.00017154406
703,1,0,26,1,97331.19,1,1,0,63717.49,0,5,0,425,97331.19,0.038461538461538464,27.03846153846154,0,0,0.000171443
645,0,1,29,1,130131.08,2,0,1,196474.35,0,4,3,846,65065.54,0.06896551724137931,22.24137931034483,0,0,0.00017077618
751,2,1,52,8,0.0,2,0,1,179291.85,0,5,3,629,0.0,0.038461538461538464,14.442307692307692,0,0,0.00017076268
807,1,1,37,10,130110.45,2,0,1,172097.95,0,4,0,539,65055.225,0.05405405405405406,21.81081081081081,0,0,0.00017042532
705,2,0,57,3,0.0,2,1,1,34134.14,0,4,2,778,0.0,0.03508771929824561,12.368421052631579,0,0,0.0001702619
690,0,1,35,6,112689.95,1,1,0,176962.31,0,3,3,828,112689.95,0.02857142857142857,19.714285714285715,0,0,0.00017015998
474,0,1,26,6,0.0,2,0,0,152491.22,0,3,2,316,0.0,0.07692307692307693,18.23076923076923,0,0,0.00016997934
665,2,0,32,10,0.0,1,1,1,22487.45,0,4,2,709,0.0,0.03125,20.78125,0,0,0.00016993607
732,0,1,25,0,110942.9,1,0,0,172576.56,0,3,3,845,110942.9,0.04,29.28,0,0,0.00016976213
438,1,1,31,8,78398.69,1,1,0,44937.01,0,4,2,809,78398.69,0.03225806451612903,14.129032258064516,0,0,0.00016972313
577,2,1,29,2,0.0,1,1,1,168924.41,0,2,1,665,0.0,0.034482758620689655,19.896551724137932,0,0,0.00016945922
677,0,1,30,1,78133.15,1,0,1,174225.88,0,5,2,926,39066.575,0.03333333333333333,22.566666666666666,0,0,0.00016939509
614,0,0,41,3,123475.04,1,1,1,179227.52,0,4,2,539,61737.52,0.024390243902439025,14.975609756097562,0,0,0.00016895954
519,0,1,34,5,0.0,1,1,0,68479.6,0,2,2,668,0.0,0.029411764705882353,15.264705882352942,0,0,0.00016848222
579,1,1,28,6,150329.15,1,1,0,145558.42,0,2,2,588,150329.15,0.03571428571428571,20.678571428571427,0,0,0.0001683531
697,0,0,33,1,87347.7,1,1,0,172524.51,0,5,2,942,87347.7,0.030303030303030304,21.12121212121212,0,0,0.0001682512
482,0,0,35,5,147813.05,2,0,0,109029.72,0,2,3,945,147813.05,0.05714285714285714,13.771428571428572,0,0,0.00016811297
698,2,0,40,0,92053.44,1,1,1,143681.83,0,4,0,970,46026.72,0.025,17.45,0,0,0.00016810639
642,0,0,55,7,0.0,2,1,1,101515.76,0,1,2,918,0.0,0.03636363636363636,11.672727272727272,0,0,0.00016807449
607,2,1,34,9,132439.99,1,1,0,177747.72,0,3,2,768,132439.99,0.029411764705882353,17.852941176470587,0,0,0.00016792808
716,2,1,42,8,0.0,2,1,0,180800.42,0,2,3,427,0.0,0.047619047619047616,17.047619047619047,0,0,0.00016777635
827,0,1,38,5,0.0,2,0,0,103305.01,0,2,3,785,0.0,0.05263157894736842,21.763157894736842,0,0,0.00016749217
530,0,0,33,4,129307.32,1,1,1,172930.28,0,5,2,741,64653.66,0.030303030303030304,16.060606060606062,0,0,0.0001672464
850,0,1,36,1,104077.19,2,0,1,68594.0,0,1,0,388,52038.595,0.05555555555555555,23.61111111111111,0,0,0.00016718757
601,2,1,24,7,0.0,2,0,0,144660.42,0,4,3,295,0.0,0.08333333333333333,25.041666666666668,0,0,0.00016714372
777,0,0,30,4,0.0,2,0,1,115611.97,0,1,0,561,0.0,0.06666666666666667,25.9,0,0,0.00016705992
786,2,1,29,7,80895.44,2,1,0,64945.57,0,1,0,841,80895.44,0.06896551724137931,27.103448275862068,0,0,0.00016668964
679,0,1,34,7,160515.37,1,1,0,121904.14,0,2,0,932,160515.37,0.029411764705882353,19.970588235294116,0,0,0.00016643458
604,2,1,43,2,145081.72,1,1,1,23881.62,0,2,0,852,72540.86,0.023255813953488372,14.046511627906977,0,0,0.00016551558
581,0,1,25,5,77886.53,2,1,0,150319.49,0,4,2,243,77886.53,0.08,23.24,0,0,0.00016547975
850,2,0,39,6,0.0,2,1,0,103921.43,0,3,1,491,0.0,0.05128205128205128,21.794871794871796,0,0,0.00016541727
636,2,1,76,9,126534.6,1,1,1,39789.62,0,4,0,847,63267.3,0.013157894736842105,8.368421052631579,0,0,0.00016508433
755,0,1,36,8,0.0,2,1,0,176809.87,0,2,1,549,0.0,0.05555555555555555,20.97222222222222,0,0,0.00016497089
660,2,0,36,0,84438.57,1,1,1,181449.51,0,4,0,699,42219.285,0.027777777777777776,18.333333333333332,0,0,0.00016425483
679,0,1,42,1,0.0,2,0,0,71823.15,0,1,3,726,0.0,0.047619047619047616,16.166666666666668,0,0,0.00016416417
737,1,0,45,2,99169.67,2,1,1,78650.95,0,5,1,875,49584.835,0.044444444444444446,16.377777777777776,0,0,0.0001639719
634,2,1,36,2,85996.19,1,1,0,15887.68,0,4,3,552,85996.19,0.027777777777777776,17.61111111111111,0,0,0.00016342761
808,0,1,32,1,0.0,2,1,1,46200.71,0,4,1,870,0.0,0.0625,25.25,0,0,0.00016319762
664,1,0,36,2,127160.78,2,1,0,78140.75,0,5,1,705,127160.78,0.05555555555555555,18.444444444444443,0,0,0.0001628651
682,0,0,48,7,0.0,2,1,0,65069.03,0,5,1,936,0.0,0.041666666666666664,14.208333333333334,0,0,0.00016241877
497,2,1,27,7,149400.27,1,0,0,167522.19,0,4,1,423,149400.27,0.037037037037037035,18.40740740740741,0,0,0.00016148527
630,2,0,49,1,0.0,2,0,1,162858.29,0,3,1,998,0.0,0.04081632653061224,12.857142857142858,0,0,0.00016144801
607,1,1,29,7,102609.0,1,1,0,163257.44,0,5,0,800,102609.0,0.034482758620689655,20.93103448275862,0,0,0.00016142555
726,2,0,26,1,80780.16,1,1,1,19225.85,0,2,3,457,40390.08,0.038461538461538464,27.923076923076923,0,0,0.00016137799
673,2,0,37,8,0.0,2,1,1,183318.79,0,1,3,603,0.0,0.05405405405405406,18.18918918918919,0,0,0.00016131706
661,0,0,31,3,133964.3,1,1,1,166187.1,0,2,2,508,66982.15,0.03225806451612903,21.322580645161292,0,0,0.0001612148
608,2,0,56,5,0.0,2,0,1,153810.41,0,1,0,921,0.0,0.03571428571428571,10.857142857142858,0,0,0.00016108235
639,2,1,34,7,149940.04,2,0,0,156648.81,0,2,1,938,149940.04,0.058823529411764705,18.794117647058822,0,0,0.00016094264
559,2,0,31,1,139183.06,1,0,1,143360.56,0,1,0,529,69591.53,0.03225806451612903,18.032258064516128,0,0,0.00016077668
708,0,0,33,8,0.0,2,0,1,15246.83,0,3,2,304,0.0,0.06060606060606061,21.454545454545453,0,0,0.00016018265
719,2,0,48,5,0.0,2,0,0,78563.66,0,4,1,922,0.0,0.041666666666666664,14.979166666666666,0,0,0.00015971414
727,0,1,62,5,0.0,2,0,1,38652.96,0,5,1,599,0.0,0.03225806451612903,11.725806451612904,0,0,0.00015962872
530,0,1,37,8,0.0,2,1,1,287.99,0,4,0,605,0.0,0.05405405405405406,14.324324324324325,0,0,0.00015950427
478,2,0,36,3,92363.3,2,1,0,44912.7,0,4,0,480,92363.3,0.05555555555555555,13.277777777777779,0,0,0.00015945104
699,1,1,36,2,123601.56,2,1,0,103557.85,0,3,1,500,123601.56,0.05555555555555555,19.416666666666668,0,0,0.00015944785
669,0,1,57,5,0.0,2,1,1,56875.76,0,1,1,860,0.0,0.03508771929824561,11.736842105263158,0,0,0.00015936744
779,2,0,38,7,0.0,2,1,1,138542.87,0,4,1,433,0.0,0.05263157894736842,20.5,0,0,0.00015899345
656,0,1,35,6,0.0,2,1,0,1485.27,0,2,3,631,0.0,0.05714285714285714,18.742857142857144,0,0,0.00015885373
515,0,1,41,8,0.0,2,1,1,185054.14,0,5,0,547,0.0,0.04878048780487805,12.560975609756097,0,0,0.00015872534
638,2,1,34,5,146679.77,1,1,0,102179.86,0,5,0,790,146679.77,0.029411764705882353,18.764705882352942,0,0,0.00015860915
693,2,0,34,10,107556.06,2,0,0,154631.35,0,5,0,711,107556.06,0.058823529411764705,20.38235294117647,0,0,0.00015855984
674,0,0,27,4,79144.34,1,0,1,50743.83,0,1,2,720,39572.17,0.037037037037037035,24.962962962962962,0,0,0.00015813437
544,0,0,32,9,110728.39,1,1,1,14559.62,0,1,3,629,55364.195,0.03125,17.0,0,0,0.00015784618
829,1,1,36,4,81795.74,2,1,0,90106.94,0,2,0,746,81795.74,0.05555555555555555,23.02777777777778,0,0,0.00015770596
616,0,1,23,8,73112.95,1,1,1,62733.05,0,1,1,606,36556.475,0.043478260869565216,26.782608695652176,0,0,0.00015744122
445,0,1,31,7,145056.59,1,1,1,175893.53,0,4,2,946,72528.295,0.03225806451612903,14.35483870967742,0,0,0.00015735193
649,0,0,41,2,125785.23,1,1,1,70523.92,0,4,2,880,62892.615,0.024390243902439025,15.829268292682928,0,0,0.00015735057
507,0,1,36,4,83543.37,1,0,0,140134.43,0,1,0,691,83543.37,0.027777777777777776,14.083333333333334,0,0,0.00015672765
616,1,0,36,10,78249.53,1,1,0,136934.91,0,4,3,789,78249.53,0.027777777777777776,17.11111111111111,0,0,0.00015651663
504,2,1,40,5,0.0,2,0,0,146703.36,0,2,3,538,0.0,0.05,12.6,0,0,0.00015643069
850,0,0,32,7,0.0,2,0,0,155227.0,0,1,1,990,0.0,0.0625,26.5625,0,0,0.00015641085
728,2,0,43,5,0.0,1,1,1,120088.17,0,5,1,924,0.0,0.023255813953488372,16.930232558139537,0,0,0.00015616512
680,0,0,30,8,141441.75,1,1,1,16278.97,0,1,3,597,70720.875,0.03333333333333333,22.666666666666668,0,0,0.00015602223
686,0,0,31,1,0.0,2,1,0,4802.25,0,2,2,522,0.0,0.06451612903225806,22.129032258064516,0,0,0.00015582345
806,2,1,18,3,0.0,2,1,1,86994.54,0,2,1,768,0.0,0.1111111111111111,44.77777777777778,0,0,0.00015570136
733,0,1,33,3,0.0,1,1,1,7666.73,0,1,3,855,0.0,0.030303030303030304,22.21212121212121,0,0,0.00015560177
759,2,1,38,1,0.0,2,1,0,20778.39,0,5,0,795,0.0,0.05263157894736842,19.973684210526315,0,0,0.00015532886
709,0,0,34,2,111669.68,1,1,0,57029.66,0,4,0,585,111669.68,0.029411764705882353,20.852941176470587,0,0,0.00015505406
608,1,1,26,1,106648.98,1,0,1,7063.6,0,5,2,672,53324.49,0.038461538461538464,23.384615384615383,0,0,0.00015486641
525,1,0,30,0,157989.21,2,1,1,100687.67,0,3,0,236,78994.605,0.06666666666666667,17.5,0,0,0.00015467397
653,0,1,38,8,119315.75,1,1,0,150468.35,0,3,3,978,119315.75,0.02631578947368421,17.18421052631579,0,0,0.00015466305
731,2,1,33,1,0.0,1,1,0,130726.96,0,1,1,462,0.0,0.030303030303030304,22.151515151515152,0,0,0.00015454806
717,0,1,53,6,0.0,2,0,1,97614.87,0,2,0,477,0.0,0.03773584905660377,13.528301886792454,0,0,0.00015380698
775,1,1,32,8,121669.23,1,0,1,125898.39,0,3,3,541,60834.615,0.03125,24.21875,0,0,0.00015362713
712,2,1,27,10,0.0,1,1,0,94544.88,0,3,1,410,0.0,0.037037037037037035,26.37037037037037,0,0,0.00015349066
493,2,0,48,7,0.0,2,1,0,48545.1,0,3,3,592,0.0,0.041666666666666664,10.270833333333334,0,0,0.00015293698
687,0,1,48,4,0.0,2,1,1,170893.85,0,5,3,510,0.0,0.041666666666666664,14.3125,0,0,0.00015279223
700,2,1,44,9,0.0,2,1,0,142287.65,0,4,0,533,0.0,0.045454545454545456,15.909090909090908,0,0,0.0001523443
602,0,1,35,8,0.0,1,1,1,22499.29,0,2,0,615,0.0,0.02857142857142857,17.2,0,0,0.00015232948
600,1,1,30,2,119755.0,1,1,1,21852.91,0,1,0,910,59877.5,0.03333333333333333,20.0,0,0,0.00015225819
694,0,1,37,10,143835.47,1,0,1,33326.71,0,1,2,992,71917.735,0.02702702702702703,18.756756756756758,0,0,0.00015206392
743,1,1,39,3,119695.75,1,0,1,26136.13,0,4,1,837,59847.875,0.02564102564102564,19.05128205128205,0,0,0.00015189088
625,1,0,39,10,129845.26,1,1,1,96444.88,0,5,1,615,64922.63,0.02564102564102564,16.025641025641026,0,0,0.00015185656
542,0,0,25,7,0.0,2,0,1,82393.08,0,3,2,266,0.0,0.08,21.68,0,0,0.00015160945
671,1,0,44,0,84745.03,2,0,1,34673.98,0,4,3,863,42372.515,0.045454545454545456,15.25,0,0,0.00015154644
544,0,0,45,6,0.0,2,0,1,151401.33,0,2,0,686,0.0,0.044444444444444446,12.088888888888889,0,0,0.00015130789
724,1,1,34,6,118235.7,2,0,0,157137.23,0,5,0,618,118235.7,0.058823529411764705,21.294117647058822,0,0,0.00015118242
609,0,0,39,8,141675.23,1,0,1,175664.25,0,4,3,440,70837.615,0.02564102564102564,15.615384615384615,0,0,0.00015107046
732,2,1,33,8,0.0,1,1,0,119882.7,0,2,0,741,0.0,0.030303030303030304,22.181818181818183,0,0,0.00015087295
765,0,1,44,6,0.0,2,1,1,159899.97,0,5,3,877,0.0,0.045454545454545456,17.386363636363637,0,0,0.00015076638
786,2,0,39,7,0.0,2,0,0,100929.59,0,3,3,958,0.0,0.05128205128205128,20.153846153846153,0,0,0.00015041041
670,1,0,33,9,84521.48,2,0,1,198017.05,0,4,3,430,42260.74,0.06060606060606061,20.303030303030305,0,0,0.00015037299
534,0,1,24,1,0.0,1,1,1,169653.32,0,4,1,867,0.0,0.041666666666666664,22.25,0,0,0.00014995018
605,0,1,27,9,0.0,2,1,0,198091.81,0,3,2,580,0.0,0.07407407407407407,22.40740740740741,0,0,0.00014987169
624,2,1,46,3,0.0,2,1,1,62825.03,0,2,3,591,0.0,0.043478260869565216,13.565217391304348,0,0,0.0001498144
602,2,1,29,5,103907.28,1,1,0,161229.84,0,2,3,861,103907.28,0.034482758620689655,20.75862068965517,0,0,0.00014969146
691,0,0,31,5,40915.55,1,1,0,126213.84,0,2,3,402,40915.55,0.03225806451612903,22.29032258064516,1,0,0.00014957204
651,1,1,37,9,114453.58,1,0,1,175820.91,0,4,3,403,57226.79,0.02702702702702703,17.594594594594593,0,0,0.00014941281
731,2,0,33,5,137388.01,2,1,0,165000.68,0,3,2,935,137388.01,0.06060606060606061,22.151515151515152,0,0,0.00014903418
535,0,1,45,2,0.0,2,1,0,125658.28,0,5,0,430,0.0,0.044444444444444446,11.88888888888889,0,0,0.00014884047
495,0,0,38,2,63093.01,1,1,1,47089.72,0,3,2,850,31546.505,0.02631578947368421,13.026315789473685,0,0,0.00014865637
595,2,1,36,6,85768.42,1,1,1,24802.77,0,5,0,301,42884.21,0.027777777777777776,16.52777777777778,0,0,0.0001485746
645,1,1,25,1,157404.02,2,1,0,93073.04,0,4,0,855,157404.02,0.08,25.8,0,0,0.0001483986
750,0,0,38,1,0.0,2,1,0,47764.99,0,4,1,740,0.0,0.05263157894736842,19.736842105263158,0,0,0.00014836507
549,0,0,34,4,0.0,2,0,0,139463.57,0,3,2,339,0.0,0.058823529411764705,16.147058823529413,0,0,0.00014802367
505,0,1,34,10,104498.79,1,0,1,126451.14,0,3,0,244,52249.395,0.029411764705882353,14.852941176470589,0,0,0.00014791841
554,2,1,37,3,0.0,2,1,0,166177.3,0,1,1,612,0.0,0.05405405405405406,14.972972972972974,0,0,0.00014786102
678,1,1,36,1,117864.85,2,1,0,27619.06,0,3,3,643,117864.85,0.05555555555555555,18.833333333333332,0,0,0.00014765433
571,2,0,22,3,108117.1,1,0,1,53328.7,0,2,2,920,54058.55,0.045454545454545456,25.954545454545453,0,0,0.00014731611
715,2,1,42,6,0.0,2,1,1,128745.69,0,4,3,289,0.0,0.047619047619047616,17.023809523809526,0,0,0.00014723185
692,1,0,43,2,69014.49,2,0,0,164621.43,0,3,0,708,69014.49,0.046511627906976744,16.093023255813954,0,0,0.00014706475
599,0,1,27,5,0.0,2,1,0,30546.4,0,3,3,259,0.0,0.07407407407407407,22.185185185185187,0,0,0.00014696858
632,0,0,27,3,107375.82,1,1,1,62703.38,0,2,2,627,53687.91,0.037037037037037035,23.40740740740741,0,0,0.00014674313
677,0,0,49,3,0.0,2,1,1,187811.71,0,3,1,643,0.0,0.04081632653061224,13.816326530612244,0,0,0.0001465292
581,2,0,46,1,0.0,2,1,0,104272.04,0,5,2,790,0.0,0.043478260869565216,12.630434782608695,0,0,0.00014637936
766,2,1,41,0,0.0,2,0,1,34283.23,0,4,1,670,0.0,0.04878048780487805,18.682926829268293,0,0,0.00014617905
662,2,1,37,5,94901.09,1,1,1,48233.75,0,1,0,579,47450.545,0.02702702702702703,17.89189189189189,0,0,0.00014614951
622,0,1,43,8,0.0,2,1,0,100618.17,0,2,1,650,0.0,0.046511627906976744,14.465116279069768,0,0,0.00014603417
500,1,1,30,2,125495.64,2,1,1,68807.47,0,3,3,276,62747.82,0.06666666666666667,16.666666666666668,0,0,0.0001460254
750,2,0,39,6,0.0,2,0,0,19264.33,0,5,2,940,0.0,0.05128205128205128,19.23076923076923,0,0,0.0001455694
544,0,1,37,3,84496.71,1,0,0,79972.09,0,5,2,939,84496.71,0.02702702702702703,14.702702702702704,0,0,0.00014555677
730,2,0,62,2,0.0,2,1,1,162889.1,0,3,1,540,0.0,0.03225806451612903,11.774193548387096,0,0,0.00014555344
706,2,0,43,1,0.0,2,1,0,31962.77,0,4,3,994,0.0,0.046511627906976744,16.41860465116279,0,0,0.00014552749
640,0,1,40,8,110340.68,1,1,1,157886.6,0,4,0,778,55170.34,0.025,16.0,0,0,0.00014537506
639,0,0,37,4,116121.84,2,0,1,181850.74,0,1,2,503,58060.92,0.05405405405405406,17.27027027027027,0,0,0.00014535552
545,1,1,45,6,93796.42,2,1,1,162321.26,0,3,1,577,46898.21,0.044444444444444446,12.11111111111111,0,0,0.00014517864
766,1,0,28,3,62717.84,2,1,1,13182.43,0,1,1,808,31358.92,0.07142857142857142,27.357142857142858,0,0,0.00014508577
465,0,1,33,8,0.0,2,1,0,177668.55,0,4,0,507,0.0,0.06060606060606061,14.090909090909092,0,0,0.0001448925
599,1,1,40,10,137456.28,2,1,1,14113.11,0,2,3,623,68728.14,0.05,14.975,0,0,0.00014474874
697,1,0,48,2,108128.96,2,1,1,103944.37,0,3,3,980,54064.48,0.041666666666666664,14.520833333333334,0,0,0.00014444678
758,0,0,39,6,127357.76,1,0,1,56577.0,0,4,3,404,63678.88,0.02564102564102564,19.435897435897434,0,0,0.00014428324
538,1,0,42,1,98548.62,2,0,1,94047.75,0,5,0,929,49274.31,0.047619047619047616,12.80952380952381,0,0,0.00014427981
530,2,0,41,4,0.0,2,0,1,147606.71,0,2,0,955,0.0,0.04878048780487805,12.926829268292684,0,0,0.00014421214
634,1,1,38,2,148430.55,1,1,1,56055.72,0,5,2,808,74215.275,0.02631578947368421,16.68421052631579,0,0,0.00014411715
788,0,0,43,10,0.0,2,1,1,116111.51,0,4,0,797,0.0,0.046511627906976744,18.325581395348838,0,0,0.00014405849
694,1,1,31,4,141989.27,2,1,0,26116.82,0,4,2,753,141989.27,0.06451612903225806,22.387096774193548,0,0,0.00014395673
590,0,0,32,0,127763.24,1,1,0,100717.54,0,2,0,417,127763.24,0.03125,18.4375,0,0,0.00014375988
484,2,0,35,7,133868.21,1,1,1,27286.1,0,2,3,415,66934.105,0.02857142857142857,13.82857142857143,0,0,0.00014373042
538,0,0,33,5,0.0,2,1,0,126962.41,0,3,0,290,0.0,0.06060606060606061,16.303030303030305,0,0,0.00014357537
681,0,1,25,5,0.0,1,0,1,90860.97,0,4,0,875,0.0,0.04,27.24,0,0,0.00014343591
607,1,1,40,5,90594.55,1,0,1,181598.25,0,4,0,762,45297.275,0.025,15.175,0,0,0.00014332654
602,1,0,42,6,158414.85,1,1,1,131886.46,0,5,1,807,79207.425,0.023809523809523808,14.333333333333334,0,0,0.00014328446
698,0,0,27,1,94920.71,1,1,1,40339.9,0,1,0,701,47460.355,0.037037037037037035,25.85185185185185,0,0,0.00014325263
745,0,0,33,1,0.0,2,1,1,174431.01,0,1,0,552,0.0,0.06060606060606061,22.575757575757574,0,0,0.00014285909
619,2,1,34,1,0.0,1,1,0,139919.38,0,5,1,524,0.0,0.029411764705882353,18.205882352941178,0,0,0.0001424938
703,0,1,28,9,0.0,2,0,1,2151.17,0,1,3,462,0.0,0.07142857142857142,25.107142857142858,0,0,0.00014228077
564,1,1,41,9,103522.75,2,1,1,34338.21,0,1,1,599,51761.375,0.04878048780487805,13.75609756097561,0,0,0.00014222055
616,2,1,30,2,0.0,2,1,0,199099.51,0,2,1,788,0.0,0.06666666666666667,20.533333333333335,0,0,0.00014210126
703,0,0,45,7,0.0,2,1,1,68831.72,0,1,2,662,0.0,0.044444444444444446,15.622222222222222,0,0,0.00014194715
733,2,1,44,3,106070.89,1,0,1,101617.43,0,4,2,705,53035.445,0.022727272727272728,16.65909090909091,0,0,0.00014194593
656,0,1,50,7,0.0,2,0,1,72143.44,0,1,1,829,0.0,0.04,13.12,0,0,0.00014187692
566,0,1,36,1,142120.91,1,1,0,79616.37,0,5,1,542,142120.91,0.027777777777777776,15.722222222222221,0,0,0.00014181294
670,0,0,42,6,112333.63,1,1,1,65706.86,0,4,2,569,56166.815,0.023809523809523808,15.952380952380953,0,0,0.00014175494
702,2,0,38,9,0.0,2,1,1,158527.45,0,2,3,629,0.0,0.05263157894736842,18.473684210526315,0,0,0.00014145154
515,0,0,25,7,79543.59,1,0,1,38772.82,0,2,0,509,39771.795,0.04,20.6,0,0,0.00014118043
850,1,1,27,1,101278.25,2,1,1,26265.18,0,4,3,859,50639.125,0.07407407407407407,31.48148148148148,0,0,0.00014098603
732,2,0,33,8,111379.55,1,1,1,45098.62,0,5,2,473,55689.775,0.030303030303030304,22.181818181818183,0,0,0.00014059349
622,0,1,31,7,0.0,1,1,0,35408.77,0,2,2,978,0.0,0.03225806451612903,20.06451612903226,0,0,0.00013990757
664,2,1,35,1,115024.5,1,0,1,169665.79,0,2,0,678,57512.25,0.02857142857142857,18.97142857142857,0,0,0.00013982649
648,0,1,38,10,82697.28,1,1,0,74846.67,0,3,2,966,82697.28,0.02631578947368421,17.05263157894737,0,0,0.00013977462
696,2,1,41,9,127523.75,1,0,1,191417.42,0,1,0,824,63761.875,0.024390243902439025,16.975609756097562,0,0,0.00013959946
709,0,1,26,6,156551.63,1,0,1,4410.77,0,1,0,772,78275.815,0.038461538461538464,27.26923076923077,0,0,0.00013945352
679,0,1,60,8,0.0,2,1,1,51380.9,0,4,3,797,0.0,0.03333333333333333,11.316666666666666,0,0,0.00013939741
665,2,1,29,1,182781.74,2,1,1,63732.9,0,4,1,943,91390.87,0.06896551724137931,22.93103448275862,0,0,0.00013909614
696,1,0,66,7,119499.42,2,1,1,174027.3,0,3,2,601,59749.71,0.030303030303030304,10.545454545454545,0,0,0.00013870158
699,0,1,53,4,0.0,2,0,1,111307.98,0,1,2,513,0.0,0.03773584905660377,13.18867924528302,0,0,0.00013841897
850,0,1,31,3,0.0,2,1,0,121866.87,0,1,3,777,0.0,0.06451612903225806,27.419354838709676,0,0,0.00013831395
650,2,0,23,5,0.0,1,1,1,180622.43,0,3,1,918,0.0,0.043478260869565216,28.26086956521739,0,0,0.00013828678
591,2,1,29,1,97541.24,1,1,1,196356.17,0,2,2,850,48770.62,0.034482758620689655,20.379310344827587,0,0,0.00013813918
633,0,1,29,7,0.0,1,1,1,130224.73,0,4,0,660,0.0,0.034482758620689655,21.82758620689655,0,0,0.00013783628
504,2,1,34,0,54980.81,1,1,1,136909.88,0,1,2,475,27490.405,0.029411764705882353,14.823529411764707,0,0,0.000137607
603,2,0,42,6,0.0,1,1,1,90437.87,0,4,0,842,0.0,0.023809523809523808,14.357142857142858,0,0,0.00013758364
693,0,0,30,6,127992.25,1,1,1,50457.2,0,1,3,483,63996.125,0.03333333333333333,23.1,0,0,0.00013755924
501,1,1,24,4,130806.42,2,1,0,80241.14,0,1,1,796,130806.42,0.08333333333333333,20.875,0,0,0.00013683096
670,0,1,38,10,89416.99,1,0,0,144275.39,0,3,3,757,89416.99,0.02631578947368421,17.63157894736842,0,0,0.00013677368
605,0,1,39,3,0.0,2,1,0,199390.45,0,3,3,405,0.0,0.05128205128205128,15.512820512820513,0,0,0.00013675765
638,0,1,24,1,0.0,2,0,1,162597.15,0,1,1,567,0.0,0.08333333333333333,26.583333333333332,0,0,0.00013644647
540,2,1,28,8,0.0,2,0,0,197588.32,0,3,3,463,0.0,0.07142857142857142,19.285714285714285,0,0,0.00013643867
633,0,0,42,1,0.0,2,1,0,56865.62,0,2,3,930,0.0,0.047619047619047616,15.071428571428571,0,0,0.00013629315
436,2,1,43,5,0.0,2,1,1,35687.43,0,5,0,557,0.0,0.046511627906976744,10.13953488372093,0,0,0.00013627952
670,0,1,33,2,141204.65,2,1,0,76257.46,0,5,1,814,141204.65,0.06060606060606061,20.303030303030305,0,0,0.00013615898
604,2,1,27,9,101352.78,1,0,0,30252.3,0,2,0,799,101352.78,0.037037037037037035,22.37037037037037,0,0,0.000136003
490,0,1,34,5,122952.9,2,0,0,154360.97,0,4,1,957,122952.9,0.058823529411764705,14.411764705882353,0,0,0.00013594115
615,0,1,32,1,0.0,2,0,0,2139.25,0,4,2,883,0.0,0.0625,19.21875,0,0,0.00013511846
503,0,1,38,1,0.0,2,1,1,95153.24,0,2,0,433,0.0,0.05263157894736842,13.236842105263158,0,0,0.0001346472
607,0,0,32,6,0.0,2,0,0,196062.01,0,2,3,952,0.0,0.0625,18.96875,0,0,0.00013459689
467,0,1,57,1,0.0,2,1,1,114448.77,0,1,1,843,0.0,0.03508771929824561,8.192982456140351,0,0,0.00013458212
652,0,1,51,7,0.0,2,0,1,43496.36,0,5,2,749,0.0,0.0392156862745098,12.784313725490197,0,0,0.00013424056
565,1,0,32,9,68067.24,1,1,0,143287.58,0,3,3,504,68067.24,0.03125,17.65625,0,0,0.00013411863
633,0,0,33,3,0.0,2,1,0,191111.02,0,5,2,674,0.0,0.06060606060606061,19.181818181818183,0,0,0.00013395466
743,0,1,30,7,77599.23,1,0,0,144407.1,0,5,1,682,77599.23,0.03333333333333333,24.766666666666666,0,0,0.00013299234
724,0,0,69,5,117866.92,1,1,1,62280.91,0,3,2,876,58933.46,0.014492753623188406,10.492753623188406,0,0,0.0001326137
807,1,0,42,9,105356.09,2,1,1,130489.37,0,5,3,703,52678.045,0.047619047619047616,19.214285714285715,0,0,0.00013253407
679,2,0,39,7,91187.9,1,0,1,6075.36,0,4,2,631,45593.95,0.02564102564102564,17.41025641025641,0,0,0.00013247645
641,0,1,31,10,155978.17,1,1,0,91510.71,0,4,3,990,155978.17,0.03225806451612903,20.677419354838708,0,0,0.0001324426
559,2,1,34,0,0.0,1,1,0,182988.94,0,3,1,472,0.0,0.029411764705882353,16.441176470588236,0,0,0.0001324378
781,1,1,35,7,92526.15,2,1,1,173837.54,0,5,3,534,46263.075,0.05714285714285714,22.314285714285713,0,0,0.00013236319
669,0,1,37,1,125529.55,1,1,1,162260.93,0,5,2,720,62764.775,0.02702702702702703,18.08108108108108,0,0,0.00013234412
747,2,1,37,1,0.0,2,0,1,180551.76,0,1,2,988,0.0,0.05405405405405406,20.18918918918919,0,0,0.00013230628
775,1,1,36,2,109949.05,2,0,1,71682.54,0,1,1,826,54974.525,0.05555555555555555,21.52777777777778,0,0,0.00013193312
797,0,1,24,5,0.0,2,1,0,182257.61,0,3,0,707,0.0,0.08333333333333333,33.208333333333336,0,0,0.0001318867
580,0,0,35,1,102097.33,1,0,1,168285.85,0,4,0,778,51048.665,0.02857142857142857,16.571428571428573,0,0,0.0001318535
584,0,0,41,3,0.0,2,1,1,160095.48,0,4,3,796,0.0,0.04878048780487805,14.24390243902439,0,0,0.00013173085
620,2,1,44,8,0.0,2,1,1,15627.51,0,5,0,940,0.0,0.045454545454545456,14.090909090909092,0,0,0.00013100794
690,2,1,49,8,116622.73,1,0,1,51011.29,0,3,0,789,58311.365,0.02040816326530612,14.081632653061224,0,0,0.00013093675
656,1,0,23,4,163549.63,1,0,1,21085.12,0,4,0,514,81774.815,0.043478260869565216,28.52173913043478,0,0,0.00013071793
569,1,1,30,6,106629.49,1,0,1,44114.88,0,4,1,644,53314.745,0.03333333333333333,18.966666666666665,0,0,0.00013040955
565,0,1,34,7,0.0,1,0,0,74593.84,0,5,3,564,0.0,0.029411764705882353,16.61764705882353,0,0,0.00013022688
526,0,0,36,0,0.0,2,1,0,97767.63,0,2,2,606,0.0,0.05555555555555555,14.61111111111111,0,0,0.00012981526
762,0,1,36,5,119547.46,1,1,1,42693.65,0,5,1,972,59773.73,0.027777777777777776,21.166666666666668,0,0,0.00012973358
606,2,0,23,10,70417.79,1,0,1,90896.04,0,4,0,437,35208.895,0.043478260869565216,26.347826086956523,0,0,0.00012955347
630,2,1,32,4,82034.0,1,0,0,146326.45,0,5,1,708,82034.0,0.03125,19.6875,0,0,0.00012942604
565,1,0,40,1,89994.71,2,0,1,121084.27,0,4,2,576,44997.355,0.05,14.125,0,0,0.00012941334
702,0,0,29,10,88378.6,1,1,0,88550.28,0,3,2,596,88378.6,0.034482758620689655,24.20689655172414,0,0,0.0001292779
776,2,1,30,6,0.0,2,0,1,63908.86,0,2,1,928,0.0,0.06666666666666667,25.866666666666667,0,0,0.00012895768
631,2,1,27,10,134169.62,1,1,1,176730.02,0,5,2,863,67084.81,0.037037037037037035,23.37037037037037,0,0,0.0001287029
484,2,0,39,5,0.0,2,1,1,175224.12,0,2,3,740,0.0,0.05128205128205128,12.41025641025641,0,0,0.00012861505
709,0,0,41,3,150300.65,2,1,0,71672.86,0,3,0,825,150300.65,0.04878048780487805,17.29268292682927,0,0,0.00012831934
813,2,1,27,1,137275.36,1,0,1,115733.16,0,2,2,799,68637.68,0.037037037037037035,30.11111111111111,0,0,0.00012830943
718,0,1,27,2,0.0,2,0,0,26229.24,0,1,2,538,0.0,0.07407407407407407,26.59259259259259,0,0,0.00012781181
778,0,1,42,6,0.0,2,1,1,106197.44,0,5,2,499,0.0,0.047619047619047616,18.523809523809526,0,0,0.00012768587
604,2,0,41,10,0.0,2,1,1,166224.39,0,2,0,876,0.0,0.04878048780487805,14.731707317073171,0,0,0.00012767028
457,2,0,38,6,0.0,2,1,0,173219.09,0,3,0,629,0.0,0.05263157894736842,12.026315789473685,0,0,0.00012738524
680,1,1,32,7,175454.0,1,0,1,77349.92,0,2,2,772,87727.0,0.03125,21.25,0,0,0.00012726092
697,0,1,40,4,0.0,2,0,1,26543.28,0,4,1,360,0.0,0.05,17.425,0,0,0.00012684536
651,0,1,23,10,0.0,2,1,1,170099.23,0,5,3,431,0.0,0.08695652173913043,28.304347826086957,0,0,0.0001267241
710,0,1,38,2,0.0,2,1,0,96.27,0,3,0,703,0.0,0.05263157894736842,18.68421052631579,0,0,0.00012647506
602,0,0,63,7,0.0,2,1,1,56323.21,0,4,2,649,0.0,0.031746031746031744,9.555555555555555,0,0,0.00012580474
586,0,0,38,2,0.0,2,1,0,87168.46,0,2,3,650,0.0,0.05263157894736842,15.421052631578947,0,0,0.00012541223
506,0,0,34,4,90307.62,1,1,1,159235.29,0,4,3,511,45153.81,0.029411764705882353,14.882352941176471,0,0,0.0001251517
597,1,0,40,9,106756.01,2,1,0,151167.94,0,3,2,701,106756.01,0.05,14.925,0,0,0.00012466335
554,0,0,26,7,92606.86,2,1,0,192709.69,0,3,3,675,92606.86,0.07692307692307693,21.307692307692307,0,0,0.00012465003
809,0,0,38,2,154763.21,2,1,1,174800.31,0,5,0,733,77381.605,0.05263157894736842,21.289473684210527,0,0,0.00012433913
632,2,0,32,1,0.0,2,1,0,19525.65,0,1,1,523,0.0,0.0625,19.75,0,0,0.00012431886
438,0,1,38,2,0.0,2,1,0,136859.55,0,5,3,416,0.0,0.05263157894736842,11.526315789473685,0,0,0.00012385538
416,1,0,25,0,97738.97,2,1,1,160523.33,0,1,0,974,48869.485,0.08,16.64,0,0,0.00012383128
615,0,1,66,7,0.0,2,1,1,74580.8,0,1,2,994,0.0,0.030303030303030304,9.318181818181818,0,0,0.00012370148
709,0,1,42,9,118546.71,1,0,1,77142.85,0,5,1,503,59273.355,0.023809523809523808,16.88095238095238,0,0,0.0001236721
521,0,0,32,2,136555.01,2,1,1,129353.21,0,1,0,577,68277.505,0.0625,16.28125,0,0,0.00012322115
680,1,1,44,0,129974.79,2,1,1,33391.38,0,5,2,741,64987.395,0.045454545454545456,15.454545454545455,0,0,0.00012278717
574,0,1,33,8,100267.03,1,1,0,103006.27,0,2,0,949,100267.03,0.030303030303030304,17.393939393939394,0,0,0.00012273635
544,2,1,22,3,66483.32,1,0,1,110317.39,0,2,3,370,33241.66,0.045454545454545456,24.727272727272727,0,0,0.00012270465
642,2,1,26,8,144238.7,1,1,1,184399.76,0,3,2,649,72119.35,0.038461538461538464,24.692307692307693,0,0,0.0001225905
558,1,0,36,0,126606.63,2,1,1,172363.52,0,4,3,769,63303.315,0.05555555555555555,15.5,0,0,0.00012245953
738,2,1,31,9,79019.8,1,1,1,18606.23,0,4,2,467,39509.9,0.03225806451612903,23.806451612903224,0,0,0.00012224754
782,2,0,27,3,0.0,2,1,0,143614.01,0,3,0,858,0.0,0.07407407407407407,28.962962962962962,0,0,0.0001220223
834,2,1,38,8,0.0,2,1,1,66485.26,0,3,1,539,0.0,0.05263157894736842,21.94736842105263,0,0,0.000122019504
690,2,0,36,10,91760.11,1,1,1,135784.94,0,2,2,443,45880.055,0.027777777777777776,19.166666666666668,0,0,0.000121829646
696,2,0,30,0,0.0,2,1,1,9002.8,0,5,3,447,0.0,0.06666666666666667,23.2,0,0,0.00012157655
762,1,1,28,3,125155.83,2,1,1,106024.02,0,2,1,414,62577.915,0.07142857142857142,27.214285714285715,0,0,0.00012153192
619,1,0,41,5,92467.58,1,1,0,38270.47,0,3,1,569,92467.58,0.024390243902439025,15.097560975609756,0,0,0.000121441335
625,0,0,39,3,130786.92,1,0,1,121316.07,0,2,0,650,65393.46,0.02564102564102564,16.025641025641026,0,0,0.00012110644
701,0,1,43,2,0.0,2,1,1,165303.79,0,2,3,633,0.0,0.046511627906976744,16.302325581395348,0,0,0.00012110562
697,2,1,30,1,0.0,2,0,0,735.79,0,5,3,470,0.0,0.06666666666666667,23.233333333333334,0,0,0.00012085345
535,0,1,38,8,85982.07,1,1,0,9238.35,0,3,0,774,85982.07,0.02631578947368421,14.078947368421053,0,0,0.00012083731
684,2,0,38,3,0.0,2,1,0,44255.65,0,4,3,866,0.0,0.05263157894736842,18.0,0,0,0.000120659766
601,0,0,41,1,0.0,2,0,1,160607.06,0,4,3,856,0.0,0.04878048780487805,14.658536585365853,0,0,0.0001205588
483,0,0,50,9,0.0,2,1,1,111020.24,0,5,3,706,0.0,0.04,9.66,0,0,0.00012034539
513,2,0,42,10,0.0,2,0,1,73151.25,0,5,0,809,0.0,0.047619047619047616,12.214285714285714,0,0,0.000120307865
566,1,1,22,7,144954.75,2,1,0,102246.0,0,4,0,698,144954.75,0.09090909090909091,25.727272727272727,0,0,0.00012019286
554,1,1,26,4,121365.39,1,1,1,8742.36,0,5,0,926,60682.695,0.038461538461538464,21.307692307692307,0,0,0.00011995219
692,1,1,24,2,120596.93,1,0,1,180490.53,0,5,0,466,60298.465,0.041666666666666664,28.833333333333332,0,0,0.0001199101
717,2,0,22,6,101060.25,1,0,1,84699.56,0,2,1,666,50530.125,0.045454545454545456,32.59090909090909,0,0,0.0001199021
679,2,1,39,6,0.0,2,1,0,12266.06,0,2,1,702,0.0,0.05128205128205128,17.41025641025641,0,0,0.00011969247
642,1,1,18,5,111183.53,2,0,1,10063.75,0,5,1,642,55591.765,0.1111111111111111,35.666666666666664,0,0,0.0001195027
662,0,0,41,4,0.0,2,1,0,126551.48,0,4,3,527,0.0,0.04878048780487805,16.146341463414632,0,0,0.00011949792
695,2,1,44,8,0.0,2,1,1,70974.13,0,2,0,544,0.0,0.045454545454545456,15.795454545454545,0,0,0.000119457254
596,0,1,39,9,0.0,1,1,0,48963.59,0,3,2,390,0.0,0.02564102564102564,15.282051282051283,0,0,0.00011934896
554,1,0,31,6,135470.9,1,1,0,107074.81,0,3,0,382,135470.9,0.03225806451612903,17.870967741935484,0,0,0.00011918951
636,0,0,24,9,0.0,2,0,1,38830.72,0,1,1,493,0.0,0.08333333333333333,26.5,0,0,0.0001190178
654,2,0,36,5,0.0,2,0,0,157238.05,0,2,3,596,0.0,0.05555555555555555,18.166666666666668,0,0,0.000118744254
661,0,0,41,1,0.0,2,0,1,131300.68,0,1,2,671,0.0,0.04878048780487805,16.121951219512194,0,0,0.00011862328
637,1,0,27,7,135842.89,1,1,1,101418.05,0,3,0,483,67921.445,0.037037037037037035,23.59259259259259,0,0,0.00011851145
708,2,1,19,7,112615.86,1,1,1,4491.77,0,5,2,881,56307.93,0.05263157894736842,37.26315789473684,0,0,0.000118471915
711,0,1,38,10,0.0,2,0,0,53311.78,0,1,0,784,0.0,0.05263157894736842,18.710526315789473,0,0,0.00011835246
850,1,1,30,5,123210.56,2,1,1,102180.27,0,4,0,749,61605.28,0.06666666666666667,28.333333333333332,0,0,0.000118297845
685,2,1,43,9,0.0,2,1,0,107811.28,0,4,3,808,0.0,0.046511627906976744,15.930232558139535,0,0,0.00011812515
619,2,0,38,10,119658.49,1,1,1,8646.58,0,2,3,412,59829.245,0.02631578947368421,16.289473684210527,0,0,0.00011786356
661,1,0,32,1,145980.23,1,0,1,56636.28,0,3,0,883,72990.115,0.03125,20.65625,0,0,0.000117816475
689,0,1,39,7,0.0,2,0,0,14917.09,0,2,2,680,0.0,0.05128205128205128,17.666666666666668,0,0,0.00011771933
667,1,0,33,4,127076.68,2,1,0,69011.66,0,5,2,910,127076.68,0.06060606060606061,20.21212121212121,0,0,0.00011766961
619,0,1,25,4,0.0,1,1,0,145524.36,0,4,0,629,0.0,0.04,24.76,0,0,0.00011742112
505,1,1,40,6,47869.69,2,1,1,155061.97,0,1,0,910,23934.845,0.05,12.625,0,0,0.00011725418
540,0,1,25,5,116160.23,1,1,0,13411.67,0,5,3,906,116160.23,0.04,21.6,0,0,0.000116633724
621,0,1,26,2,75237.54,1,0,1,44220.4,0,4,3,459,37618.77,0.038461538461538464,23.884615384615383,0,0,0.00011649233
749,1,0,33,10,76692.22,1,0,1,30396.43,0,3,3,567,38346.11,0.030303030303030304,22.696969696969695,0,0,0.000116453135
654,0,1,38,8,0.0,2,1,0,88659.44,0,4,0,605,0.0,0.05263157894736842,17.210526315789473,0,0,0.00011636955
684,1,0,44,2,133776.86,2,0,1,49865.04,0,5,3,387,66888.43,0.045454545454545456,15.545454545454545,0,0,0.000116336705
659,1,1,36,2,76190.48,2,1,1,149066.14,0,1,2,374,38095.24,0.05555555555555555,18.305555555555557,0,0,0.00011630531
643,1,0,34,7,160426.07,1,0,1,188533.11,0,3,1,806,80213.035,0.029411764705882353,18.91176470588235,0,0,0.00011596489
707,0,0,31,2,82787.93,2,0,0,91423.69,0,5,2,585,82787.93,0.06451612903225806,22.806451612903224,0,0,0.00011538019
795,0,0,36,1,151844.64,1,1,1,135388.89,0,3,3,605,75922.32,0.027777777777777776,22.083333333333332,0,0,0.000115375784
698,0,0,39,4,0.0,2,0,1,47455.82,0,5,3,639,0.0,0.05128205128205128,17.897435897435898,0,0,0.00011508154
686,0,0,34,3,123971.51,2,1,0,147794.63,0,5,2,410,123971.51,0.058823529411764705,20.176470588235293,0,0,0.00011502108
516,0,1,37,8,0.0,1,1,0,101834.58,0,3,2,703,0.0,0.02702702702702703,13.945945945945946,0,0,0.00011498084
850,2,1,36,0,0.0,2,1,0,141242.57,0,3,3,863,0.0,0.05555555555555555,23.61111111111111,0,0,0.00011496363
538,2,0,31,0,0.0,2,0,0,179453.66,0,5,3,798,0.0,0.06451612903225806,17.35483870967742,0,0,0.00011492856
762,0,1,31,7,117687.35,1,1,1,159344.43,0,2,2,867,58843.675,0.03225806451612903,24.580645161290324,0,0,0.000114536124
589,2,0,46,10,0.0,2,0,1,168369.37,0,3,0,821,0.0,0.043478260869565216,12.804347826086957,0,0,0.00011453033
712,1,1,43,1,141749.74,2,0,1,90905.26,0,4,2,957,70874.87,0.046511627906976744,16.558139534883722,0,0,0.00011451701
696,1,0,31,8,122021.92,2,1,0,33828.64,0,3,3,896,122021.92,0.06451612903225806,22.451612903225808,0,0,0.00011437546
850,0,0,24,6,0.0,2,1,1,13159.9,0,3,0,899,0.0,0.08333333333333333,35.416666666666664,0,0,0.00011424379
688,0,1,26,1,0.0,2,1,1,104435.94,0,2,2,381,0.0,0.07692307692307693,26.46153846153846,0,0,0.00011389267
754,0,1,28,8,0.0,2,1,1,52615.62,0,4,0,497,0.0,0.07142857142857142,26.928571428571427,0,0,0.00011372674
571,0,1,38,1,121405.04,1,1,1,154844.22,0,4,1,585,60702.52,0.02631578947368421,15.026315789473685,0,0,0.000113690956
641,0,1,37,7,0.0,2,1,0,75248.3,0,2,2,516,0.0,0.05405405405405406,17.324324324324323,0,0,0.000113298636
666,0,0,32,10,112536.57,2,1,1,34350.54,0,3,3,281,56268.285,0.0625,20.8125,0,0,0.00011327034
680,0,1,36,3,116275.12,1,1,1,63795.8,0,4,1,883,58137.56,0.027777777777777776,18.88888888888889,0,0,0.000112988026
606,0,1,61,5,108166.09,2,0,1,8643.21,0,3,0,386,54083.045,0.03278688524590164,9.934426229508198,0,0,0.00011272642
539,0,0,22,0,100885.93,2,1,1,38772.65,0,5,1,725,50442.965,0.09090909090909091,24.5,0,0,0.000112613074
663,1,1,44,2,117028.6,2,0,1,144680.18,0,4,0,919,58514.3,0.045454545454545456,15.068181818181818,0,0,0.00011254608
538,1,0,28,6,164365.44,1,0,1,5698.97,0,4,0,659,82182.72,0.03571428571428571,19.214285714285715,0,0,0.000112470974
678,0,1,28,2,109137.12,1,1,1,58814.41,0,2,1,433,54568.56,0.03571428571428571,24.214285714285715,0,0,0.00011236635
655,0,1,24,9,107065.31,1,1,1,51959.82,0,5,1,873,53532.655,0.041666666666666664,27.291666666666668,0,0,0.00011226086
744,0,1,42,1,112419.92,1,1,1,83022.92,0,3,3,367,56209.96,0.023809523809523808,17.714285714285715,0,0,0.00011225744
596,2,1,20,3,187294.46,1,1,0,103456.47,0,4,0,719,187294.46,0.05,29.8,0,0,0.00011120883
665,0,0,34,1,96645.54,2,0,0,171413.66,0,3,0,798,96645.54,0.058823529411764705,19.558823529411764,0,0,0.00011112815
501,0,0,34,3,107747.57,1,1,0,9249.36,0,5,1,396,107747.57,0.029411764705882353,14.735294117647058,0,0,0.00011090955
521,0,1,38,6,0.0,2,1,0,51454.06,0,4,3,572,0.0,0.05263157894736842,13.710526315789474,0,0,0.000110826135
589,0,0,39,7,0.0,2,0,0,95985.64,0,5,0,359,0.0,0.05128205128205128,15.102564102564102,0,0,0.00011074806
538,1,1,25,5,62482.95,1,1,1,102758.43,0,2,1,933,31241.475,0.04,21.52,0,0,0.00011074257
718,0,1,37,8,0.0,2,1,1,142.81,0,5,1,720,0.0,0.05405405405405406,19.405405405405407,0,0,0.0001104792
754,0,0,35,4,0.0,2,1,0,44830.71,0,1,1,992,0.0,0.05714285714285714,21.542857142857144,0,0,0.00011042233
662,0,0,22,2,126362.57,2,1,1,97382.8,0,5,3,964,63181.285,0.09090909090909091,30.09090909090909,0,0,0.000110052315
683,1,0,32,0,138171.1,2,1,1,188203.58,0,1,0,433,69085.55,0.0625,21.34375,0,0,0.00011001475
730,0,0,37,1,0.0,2,1,1,124364.63,0,2,3,427,0.0,0.05405405405405406,19.72972972972973,0,0,0.00010986273
615,0,0,30,9,0.0,1,1,0,87347.82,0,3,3,437,0.0,0.03333333333333333,20.5,0,0,0.00010957595
741,0,1,32,5,0.0,1,1,1,64839.23,0,3,3,485,0.0,0.03125,23.15625,0,0,0.00010925179
635,2,1,41,1,0.0,2,1,0,175611.5,0,2,1,796,0.0,0.04878048780487805,15.487804878048781,0,0,0.00010923919
728,0,1,37,0,0.0,2,1,1,72203.8,0,1,2,851,0.0,0.05405405405405406,19.675675675675677,0,0,0.00010905445
544,0,1,38,8,0.0,1,1,1,98208.62,0,3,1,661,0.0,0.02631578947368421,14.31578947368421,0,0,0.000108930355
666,0,1,39,10,0.0,2,1,0,102999.33,0,5,3,888,0.0,0.05128205128205128,17.076923076923077,0,0,0.00010891893
548,0,0,37,9,0.0,2,0,0,98029.58,0,5,3,967,0.0,0.05405405405405406,14.81081081081081,0,0,0.00010889265
578,2,1,23,8,0.0,2,1,0,112124.98,0,3,0,240,0.0,0.08695652173913043,25.130434782608695,0,0,0.00010887189
683,1,0,39,2,100062.16,2,1,0,109201.43,0,3,3,829,100062.16,0.05128205128205128,17.512820512820515,0,0,0.000108786066
643,0,1,30,5,94443.77,1,1,1,165614.4,0,2,1,606,47221.885,0.03333333333333333,21.433333333333334,0,0,0.00010863699
589,0,0,21,3,0.0,2,0,1,55601.44,0,1,3,427,0.0,0.09523809523809523,28.047619047619047,0,0,0.0001083089
640,0,0,20,4,0.0,2,0,1,78310.82,0,5,3,670,0.0,0.1,32.0,0,0,0.00010823961
697,0,0,42,10,0.0,2,1,0,61312.15,0,5,1,867,0.0,0.047619047619047616,16.595238095238095,0,0,0.000108179454
463,0,1,35,2,101257.16,1,1,1,118113.64,0,4,2,900,50628.58,0.02857142857142857,13.228571428571428,0,0,0.00010755983
786,1,1,24,2,120135.55,2,1,1,125449.47,0,3,2,625,60067.775,0.08333333333333333,32.75,0,0,0.00010749185
595,2,0,30,5,100683.54,1,1,1,178361.04,0,3,3,376,50341.77,0.03333333333333333,19.833333333333332,0,0,0.00010715381
583,0,1,40,3,0.0,2,1,0,47728.0,0,5,2,648,0.0,0.05,14.575,0,0,0.000107116015
850,1,0,34,3,129668.43,2,1,1,88743.99,0,5,3,468,64834.215,0.058823529411764705,25.0,0,0,0.00010686178
594,0,0,49,4,0.0,2,1,1,23631.55,0,3,2,801,0.0,0.04081632653061224,12.122448979591837,0,0,0.00010676685
572,0,1,33,5,0.0,1,0,1,41139.05,0,4,3,404,0.0,0.030303030303030304,17.333333333333332,0,0,0.00010656027
521,0,0,39,6,0.0,2,0,1,27375.15,0,5,1,843,0.0,0.05128205128205128,13.35897435897436,0,0,0.00010650907
566,0,1,42,3,108010.78,1,1,1,157486.1,0,3,1,509,54005.39,0.023809523809523808,13.476190476190476,0,0,0.000106329346
448,0,0,36,6,83947.12,2,1,0,81999.53,0,4,3,524,83947.12,0.05555555555555555,12.444444444444445,0,0,0.00010632287
770,2,1,30,8,0.0,2,0,1,50839.85,0,3,1,597,0.0,0.06666666666666667,25.666666666666668,0,0,0.000106242594
649,1,1,70,9,116854.71,2,0,1,107125.79,0,3,0,989,58427.355,0.02857142857142857,9.271428571428572,0,0,0.000106209875
558,1,1,32,4,108235.91,1,1,1,143783.28,0,4,0,801,54117.955,0.03125,17.4375,0,0,0.00010620471
667,0,0,24,4,0.0,2,0,1,34335.55,0,5,0,560,0.0,0.08333333333333333,27.791666666666668,0,0,0.00010599923
699,0,1,29,3,125689.29,1,1,1,151623.71,0,1,0,503,62844.645,0.034482758620689655,24.103448275862068,0,0,0.00010595213
595,1,1,30,9,130682.11,2,1,1,57862.88,0,2,0,632,65341.055,0.06666666666666667,19.833333333333332,0,0,0.0001057426
450,0,1,29,7,117199.8,1,1,1,43480.63,0,2,1,483,58599.9,0.034482758620689655,15.517241379310345,0,0,0.00010553961
717,1,0,33,10,102185.42,2,1,0,23231.93,0,3,1,390,102185.42,0.06060606060606061,21.727272727272727,0,0,0.00010533973
464,0,0,33,10,147493.7,2,1,0,100447.53,0,4,0,801,147493.7,0.06060606060606061,14.06060606060606,0,0,0.00010478071
706,2,1,29,2,0.0,2,1,1,18255.51,0,1,3,868,0.0,0.06896551724137931,24.344827586206897,0,0,0.00010472857
681,0,1,36,5,141952.07,1,1,1,185144.08,0,5,3,385,70976.035,0.027777777777777776,18.916666666666668,0,0,0.00010384471
678,0,1,31,2,0.0,2,1,1,58803.28,0,1,0,888,0.0,0.06451612903225806,21.870967741935484,0,0,0.00010364428
535,2,1,35,8,118989.92,1,1,1,135536.72,0,5,0,895,59494.96,0.02857142857142857,15.285714285714286,0,0,0.0001035843
570,2,1,34,10,0.0,2,0,1,183387.12,0,4,3,568,0.0,0.058823529411764705,16.764705882352942,0,0,0.000103465936
597,0,0,24,1,103219.47,1,1,0,60420.07,0,3,1,827,103219.47,0.041666666666666664,24.875,0,0,0.00010312503
687,1,1,35,1,125141.24,2,1,1,148537.07,0,3,3,299,62570.62,0.05714285714285714,19.62857142857143,0,0,0.00010264264
562,0,1,36,6,0.0,2,1,0,32845.32,0,1,0,504,0.0,0.05555555555555555,15.61111111111111,0,0,0.00010262336
554,1,0,36,3,157780.93,2,1,0,6089.13,0,3,0,530,157780.93,0.05555555555555555,15.38888888888889,0,0,0.000102532584
687,0,0,30,6,0.0,2,0,0,179206.92,0,2,1,511,0.0,0.06666666666666667,22.9,0,0,0.00010214263
770,0,0,33,6,0.0,2,1,1,126131.9,0,2,0,497,0.0,0.06060606060606061,23.333333333333332,0,0,0.00010194276
498,0,0,30,1,0.0,2,0,0,135795.53,0,5,1,371,0.0,0.06666666666666667,16.6,0,0,0.00010182472
546,0,1,29,5,0.0,1,1,1,94823.95,0,4,1,986,0.0,0.034482758620689655,18.82758620689655,0,0,0.00010156773
621,0,1,39,6,0.0,2,1,1,58883.91,0,1,3,502,0.0,0.05128205128205128,15.923076923076923,0,0,0.00010147634
699,1,1,34,4,185173.81,2,1,0,120834.48,0,3,2,429,185173.81,0.058823529411764705,20.558823529411764,0,0,0.00010136696
633,0,0,36,6,125130.28,1,0,0,125961.48,0,5,1,465,125130.28,0.027777777777777776,17.583333333333332,0,0,0.00010123124
514,0,0,41,7,0.0,2,1,1,3756.65,0,3,3,697,0.0,0.04878048780487805,12.536585365853659,0,0,0.00010097913
702,2,1,39,8,0.0,2,1,0,99654.13,0,4,0,876,0.0,0.05128205128205128,18.0,0,0,0.00010089923
660,1,1,46,5,109019.65,2,1,1,33680.56,0,3,3,603,54509.825,0.043478260869565216,14.347826086956522,0,0,0.00010080278
667,0,1,23,1,0.0,2,1,0,91573.19,0,3,3,474,0.0,0.08695652173913043,29.0,0,0,0.00010079816
661,0,0,27,3,0.0,2,1,1,76889.79,0,2,3,969,0.0,0.07407407407407407,24.48148148148148,0,0,0.000100733596
615,2,1,41,1,126773.43,1,1,1,55551.26,0,2,3,774,63386.715,0.024390243902439025,15.0,0,0,0.00010062012
691,0,0,34,7,0.0,2,0,1,161559.12,0,5,2,591,0.0,0.058823529411764705,20.323529411764707,0,0,0.00010018039
683,2,0,36,7,0.0,2,1,0,104786.59,0,2,1,381,0.0,0.05555555555555555,18.97222222222222,0,0,0.000100156896
767,2,0,24,5,0.0,2,1,1,67445.85,0,4,1,900,0.0,0.08333333333333333,31.958333333333332,0,0,0.00010014142
744,0,0,43,10,147832.15,1,0,1,24234.11,0,3,3,982,73916.075,0.023255813953488372,17.302325581395348,0,0,0.00010006591
636,0,1,43,6,0.0,2,1,0,43128.95,0,5,2,748,0.0,0.046511627906976744,14.790697674418604,0,0,0.00010001411
469,2,1,35,5,0.0,2,1,0,186490.37,0,4,3,698,0.0,0.05714285714285714,13.4,0,0,9.989525e-05
641,0,1,31,9,112494.99,1,1,1,32231.6,0,4,1,565,56247.495,0.03225806451612903,20.677419354838708,0,0,9.971928e-05
471,2,1,26,8,0.0,2,1,1,179655.87,0,4,1,388,0.0,0.07692307692307693,18.115384615384617,0,0,9.967479e-05
695,0,1,46,4,0.0,2,1,1,137537.22,0,2,2,499,0.0,0.043478260869565216,15.108695652173912,0,0,9.932316e-05
614,0,1,38,2,116248.88,1,1,0,105140.92,0,3,0,762,116248.88,0.02631578947368421,16.157894736842106,0,0,9.9296834e-05
724,0,1,40,6,0.0,2,0,0,106149.48,0,3,2,437,0.0,0.05,18.1,0,0,9.9277524e-05
635,2,1,24,4,140197.18,1,1,1,142935.83,0,4,3,907,70098.59,0.041666666666666664,26.458333333333332,0,0,9.8689576e-05
568,2,0,26,6,0.0,2,0,0,166495.2,0,5,3,634,0.0,0.07692307692307693,21.846153846153847,0,0,9.858076e-05
666,0,0,34,9,115897.12,1,1,1,25095.03,0,1,3,427,57948.56,0.029411764705882353,19.58823529411765,0,0,9.857549e-05
678,0,0,43,7,178074.33,1,0,0,110405.9,0,3,0,853,178074.33,0.023255813953488372,15.767441860465116,0,0,9.83449e-05
593,2,0,38,4,88736.44,2,1,0,67020.03,0,5,2,910,88736.44,0.05263157894736842,15.605263157894736,0,0,9.821669e-05
504,1,1,42,7,131287.36,2,1,1,149697.78,0,4,1,809,65643.68,0.047619047619047616,12.0,0,0,9.8048906e-05
615,2,1,41,4,0.0,1,0,1,149278.96,0,2,2,404,0.0,0.024390243902439025,15.0,0,0,9.804114e-05
675,1,1,36,7,89409.95,1,1,1,149399.7,0,4,1,844,44704.975,0.027777777777777776,18.75,0,0,9.744574e-05
709,0,1,32,4,147307.91,1,0,1,40861.55,0,4,2,556,73653.955,0.03125,22.15625,0,0,9.726267e-05
682,2,1,46,7,128029.72,1,1,1,62615.35,0,3,1,586,64014.86,0.021739130434782608,14.826086956521738,0,0,9.69716e-05
666,1,0,37,2,158468.76,1,0,1,93266.01,0,3,0,630,79234.38,0.02702702702702703,18.0,0,0,9.6796524e-05
745,0,0,28,6,0.0,2,1,0,154389.18,0,4,3,649,0.0,0.07142857142857142,26.607142857142858,0,0,9.673784e-05
628,0,1,37,0,0.0,2,1,1,171707.93,0,4,1,668,0.0,0.05405405405405406,16.972972972972972,0,0,9.6240066e-05
767,0,0,35,6,115576.44,1,0,1,27922.45,0,3,2,633,57788.22,0.02857142857142857,21.914285714285715,0,0,9.5920775e-05
756,1,1,32,0,109528.16,2,1,1,56176.31,0,3,1,516,54764.08,0.0625,23.625,0,0,9.586518e-05
543,2,1,37,3,0.0,2,1,1,78915.68,0,2,2,701,0.0,0.05405405405405406,14.675675675675675,0,0,9.580715e-05
675,0,1,39,1,0.0,2,1,0,153129.22,0,1,0,791,0.0,0.05128205128205128,17.307692307692307,0,0,9.556352e-05
778,0,0,34,7,109564.1,1,0,1,113046.81,0,2,2,758,54782.05,0.029411764705882353,22.88235294117647,0,0,9.553664e-05
628,0,1,31,0,88421.81,1,0,0,72350.47,0,2,3,800,88421.81,0.03225806451612903,20.258064516129032,0,0,9.535289e-05
684,0,1,30,2,0.0,2,1,0,83473.82,0,4,0,699,0.0,0.06666666666666667,22.8,0,0,9.526209e-05
621,2,1,41,5,104631.67,1,1,1,95551.22,0,1,2,680,52315.835,0.024390243902439025,15.146341463414634,0,0,9.442461e-05
637,0,1,33,2,145731.83,1,0,1,109219.43,0,4,3,721,72865.915,0.030303030303030304,19.303030303030305,0,0,9.42838e-05
613,0,0,21,7,105627.95,1,1,1,36560.51,0,5,1,495,52813.975,0.047619047619047616,29.19047619047619,0,0,9.414832e-05
806,0,1,34,6,0.0,2,0,0,100809.99,0,3,3,780,0.0,0.058823529411764705,23.705882352941178,0,0,9.381618e-05
526,1,0,32,6,131938.92,2,1,1,1795.93,0,4,3,414,65969.46,0.0625,16.4375,0,0,9.376512e-05
674,0,0,26,10,0.0,2,1,1,138423.1,0,1,2,664,0.0,0.07692307692307693,25.923076923076923,0,0,9.368923e-05
479,0,1,34,5,117593.48,2,0,0,113308.29,0,4,2,513,117593.48,0.058823529411764705,14.088235294117647,0,0,9.352125e-05
571,0,0,47,7,0.0,2,0,0,112366.98,0,5,3,489,0.0,0.0425531914893617,12.148936170212766,0,0,9.341287e-05
663,0,1,24,7,0.0,2,1,1,166310.82,0,4,2,943,0.0,0.08333333333333333,27.625,0,0,9.3387396e-05
682,0,1,30,9,0.0,2,1,1,2053.42,0,5,3,456,0.0,0.06666666666666667,22.733333333333334,0,0,9.309647e-05
739,0,1,37,7,104960.46,1,0,1,80883.82,0,5,3,384,52480.23,0.02702702702702703,19.972972972972972,0,0,9.3052266e-05
706,2,1,42,9,0.0,2,1,1,28714.34,0,4,2,361,0.0,0.047619047619047616,16.80952380952381,0,0,9.29533e-05
594,1,1,41,2,122545.65,2,1,1,42050.24,0,2,0,866,61272.825,0.04878048780487805,14.487804878048781,0,0,9.294177e-05
484,0,0,32,3,0.0,2,1,1,139390.99,0,4,0,644,0.0,0.0625,15.125,0,0,9.2865404e-05
694,0,0,31,10,0.0,2,1,0,160990.27,0,3,3,673,0.0,0.06451612903225806,22.387096774193548,0,0,9.286354e-05
620,2,1,29,9,0.0,2,1,0,13133.88,0,4,2,367,0.0,0.06896551724137931,21.379310344827587,0,0,9.2743285e-05
529,0,1,28,9,0.0,2,1,1,52545.24,0,2,1,572,0.0,0.07142857142857142,18.892857142857142,0,0,9.2218914e-05
731,0,1,37,8,0.0,2,1,1,170338.35,0,1,0,856,0.0,0.05405405405405406,19.756756756756758,0,0,9.1557355e-05
614,0,0,34,5,0.0,2,1,0,185561.89,0,5,3,399,0.0,0.058823529411764705,18.058823529411764,0,0,9.1419955e-05
687,1,1,44,8,95368.14,2,1,1,1787.85,0,3,1,619,47684.07,0.045454545454545456,15.613636363636363,0,0,9.115463e-05
814,0,0,36,6,0.0,2,1,1,98657.01,0,5,3,780,0.0,0.05555555555555555,22.61111111111111,0,0,9.1041344e-05
624,2,0,35,7,119656.45,2,1,1,4595.05,0,1,0,839,59828.225,0.05714285714285714,17.82857142857143,0,0,9.104065e-05
574,0,1,34,1,112572.39,1,0,0,165626.6,0,3,1,788,112572.39,0.029411764705882353,16.88235294117647,0,0,9.098632e-05
543,1,1,30,6,73481.05,1,1,1,176692.65,0,3,1,683,36740.525,0.03333333333333333,18.1,0,0,9.093653e-05
795,1,1,38,7,125903.22,2,1,1,127068.92,0,5,1,912,62951.61,0.05263157894736842,20.92105263157895,0,0,9.0894486e-05
614,0,1,44,6,0.0,2,0,1,104930.46,0,3,1,371,0.0,0.045454545454545456,13.954545454545455,0,0,9.0664566e-05
656,2,0,32,1,104254.27,1,1,1,17034.37,0,3,2,715,52127.135,0.03125,20.5,0,0,9.063405e-05
606,2,1,34,3,161572.24,1,0,1,191076.22,0,3,2,893,80786.12,0.029411764705882353,17.823529411764707,0,0,9.061427e-05
637,0,0,36,9,166939.88,1,1,1,72504.76,0,1,2,454,83469.94,0.027777777777777776,17.694444444444443,0,0,9.055371e-05
575,2,0,30,8,0.0,2,1,0,185341.63,0,3,1,597,0.0,0.06666666666666667,19.166666666666668,0,0,9.041126e-05
598,2,1,27,8,90721.52,2,1,0,109296.18,0,1,1,698,90721.52,0.07407407407407407,22.14814814814815,0,0,9.02383e-05
666,0,0,38,6,127043.09,1,1,1,8247.0,0,3,0,965,63521.545,0.02631578947368421,17.526315789473685,0,0,9.012737e-05
623,0,1,23,1,106012.2,2,0,1,191415.94,0,2,1,919,53006.1,0.08695652173913043,27.08695652173913,0,0,9.009119e-05
724,2,1,45,5,83888.54,1,0,1,34121.81,0,3,3,559,41944.27,0.022222222222222223,16.08888888888889,0,0,9.005074e-05
750,0,0,26,1,151510.17,2,1,1,19921.72,0,5,2,433,75755.085,0.07692307692307693,28.846153846153847,0,0,8.963103e-05
713,0,0,25,4,121172.97,1,1,1,56268.98,0,3,1,993,60586.485,0.04,28.52,0,0,8.943825e-05
748,2,0,40,4,0.0,2,1,0,132368.47,0,3,0,770,0.0,0.05,18.7,0,0,8.9426816e-05
576,2,1,19,6,0.0,2,0,0,72306.07,0,2,1,600,0.0,0.10526315789473684,30.31578947368421,0,0,8.941565e-05
549,0,1,31,4,0.0,2,0,1,25684.85,0,1,2,427,0.0,0.06451612903225806,17.70967741935484,0,0,8.9365356e-05
698,0,1,29,5,95167.55,1,1,1,152723.23,0,1,0,415,47583.775,0.034482758620689655,24.06896551724138,0,0,8.9328554e-05
678,2,0,27,5,87099.85,2,1,0,149550.95,0,2,3,957,87099.85,0.07407407407407407,25.11111111111111,0,0,8.930504e-05
723,2,1,38,6,0.0,2,1,1,94415.6,0,2,2,500,0.0,0.05263157894736842,19.026315789473685,0,0,8.9269626e-05
584,2,0,30,5,0.0,2,1,1,185201.58,0,2,3,564,0.0,0.06666666666666667,19.466666666666665,0,0,8.926528e-05
473,0,0,25,6,110666.42,2,0,0,46758.42,0,3,3,442,110666.42,0.08,18.92,0,0,8.925686e-05
732,1,1,42,9,108748.08,2,1,1,65323.11,0,1,0,932,54374.04,0.047619047619047616,17.428571428571427,0,0,8.890204e-05
752,0,1,33,4,0.0,2,1,1,39570.78,0,2,3,409,0.0,0.06060606060606061,22.78787878787879,0,0,8.865881e-05
660,2,0,33,1,0.0,2,0,0,117834.91,0,1,2,485,0.0,0.06060606060606061,20.0,0,0,8.859391e-05
548,0,1,29,5,83442.98,1,0,1,177017.39,0,3,1,967,41721.49,0.034482758620689655,18.896551724137932,0,0,8.847672e-05
599,1,1,39,2,188976.89,2,0,1,176142.09,0,3,3,729,94488.445,0.05128205128205128,15.35897435897436,0,0,8.837629e-05
536,0,1,32,7,178011.5,2,1,0,22375.14,0,4,1,454,178011.5,0.0625,16.75,0,0,8.720462e-05
711,0,0,34,6,0.0,2,1,1,175310.38,0,2,0,408,0.0,0.058823529411764705,20.91176470588235,0,0,8.6940905e-05
559,0,0,42,7,0.0,2,1,1,190040.29,0,3,0,822,0.0,0.047619047619047616,13.30952380952381,0,0,8.678155e-05
633,2,0,33,4,92855.02,1,1,1,159813.18,0,3,3,804,46427.51,0.030303030303030304,19.181818181818183,0,0,8.6769214e-05
634,1,1,37,3,111432.77,2,1,1,167032.49,0,4,1,558,55716.385,0.05405405405405406,17.135135135135137,0,0,8.6546424e-05
611,2,1,34,4,0.0,2,1,0,170950.58,0,4,0,911,0.0,0.058823529411764705,17.970588235294116,0,0,8.653669e-05
529,2,1,34,9,0.0,1,1,1,93208.22,0,3,0,562,0.0,0.029411764705882353,15.558823529411764,0,0,8.6410604e-05
567,0,0,38,1,125877.65,2,1,1,107841.77,0,5,0,511,62938.825,0.05263157894736842,14.921052631578947,0,0,8.6395856e-05
742,0,1,39,8,140004.96,1,1,1,92985.78,0,3,3,436,70002.48,0.02564102564102564,19.025641025641026,0,0,8.6052e-05
607,0,0,33,8,91301.72,1,0,1,130824.57,0,5,0,480,45650.86,0.030303030303030304,18.393939393939394,0,0,8.599556e-05
642,0,1,62,7,0.0,2,1,1,61120.75,0,3,3,729,0.0,0.03225806451612903,10.35483870967742,0,0,8.582394e-05
751,2,1,38,7,0.0,2,0,0,90839.61,0,3,2,654,0.0,0.05263157894736842,19.763157894736842,0,0,8.572889e-05
672,0,0,34,1,142151.75,2,1,1,168753.34,0,2,0,851,71075.875,0.058823529411764705,19.764705882352942,0,0,8.571263e-05
792,0,1,30,1,127187.86,1,1,1,113553.42,0,3,3,921,63593.93,0.03333333333333333,26.4,0,0,8.569293e-05
548,1,1,32,5,175214.71,1,1,1,155165.61,0,5,0,574,87607.355,0.03125,17.125,0,0,8.550959e-05
530,0,1,25,9,162560.32,1,1,0,64129.03,0,5,3,451,162560.32,0.04,21.2,0,0,8.525751e-05
629,1,1,35,8,112330.83,1,1,1,91001.02,0,3,1,556,56165.415,0.02857142857142857,17.97142857142857,0,0,8.52198e-05
549,0,0,25,5,0.0,2,0,0,190857.79,0,3,2,549,0.0,0.08,21.96,0,0,8.5067724e-05
723,0,1,21,4,0.0,2,0,0,24847.02,0,1,3,823,0.0,0.09523809523809523,34.42857142857143,0,0,8.4995474e-05
649,2,1,20,5,0.0,2,1,1,58309.54,0,5,2,496,0.0,0.1,32.45,0,0,8.469724e-05
627,2,0,28,3,157597.61,1,0,1,34097.22,0,3,2,768,78798.805,0.03571428571428571,22.392857142857142,0,0,8.416297e-05
695,2,1,35,7,0.0,2,1,0,160387.98,0,5,2,950,0.0,0.05714285714285714,19.857142857142858,0,0,8.407449e-05
582,0,0,32,1,116409.55,1,0,1,152790.92,0,4,3,519,58204.775,0.03125,18.1875,0,0,8.398819e-05
706,0,1,32,6,94486.47,1,1,1,146949.74,0,5,0,904,47243.235,0.03125,22.0625,0,0,8.392878e-05
641,2,0,40,4,101090.27,1,1,1,51703.09,0,5,1,447,50545.135,0.025,16.025,0,0,8.318895e-05
613,0,1,44,3,0.0,2,0,1,136491.72,0,5,1,462,0.0,0.045454545454545456,13.931818181818182,0,0,8.315279e-05
520,2,0,30,4,145222.99,2,0,0,145160.96,0,3,1,779,145222.99,0.06666666666666667,17.333333333333332,0,0,8.3127175e-05
541,0,1,29,7,127504.57,1,0,0,86173.92,0,4,0,647,127504.57,0.034482758620689655,18.655172413793103,0,0,8.2897524e-05
742,0,1,31,4,105239.1,1,1,1,19700.24,0,3,0,790,52619.55,0.03225806451612903,23.93548387096774,0,0,8.271686e-05
629,1,1,28,8,108601.0,1,1,1,119647.7,0,1,1,756,54300.5,0.03571428571428571,22.464285714285715,0,0,8.223921e-05
567,0,1,36,7,0.0,2,0,1,3896.08,0,5,1,914,0.0,0.05555555555555555,15.75,0,0,8.190378e-05
574,2,1,30,5,120355.0,1,1,0,137793.35,0,3,3,420,120355.0,0.03333333333333333,19.133333333333333,0,0,8.178819e-05
531,1,0,32,0,109570.21,2,1,1,172049.84,0,3,1,584,54785.105,0.0625,16.59375,0,0,8.171195e-05
626,1,0,23,6,85897.95,1,1,0,109742.8,0,2,3,906,85897.95,0.043478260869565216,27.217391304347824,0,0,8.1638194e-05
670,0,1,37,2,0.0,2,1,1,54229.74,0,5,3,407,0.0,0.05405405405405406,18.10810810810811,0,0,8.151357e-05
625,0,1,22,9,0.0,2,1,0,157072.91,0,2,2,599,0.0,0.09090909090909091,28.40909090909091,0,0,8.149204e-05
693,0,1,31,2,0.0,2,1,1,107759.31,0,1,2,863,0.0,0.06451612903225806,22.35483870967742,0,0,8.1276135e-05
655,2,0,27,9,0.0,2,0,0,108008.05,0,2,0,730,0.0,0.07407407407407407,24.25925925925926,0,0,8.1077815e-05
702,0,0,29,6,149218.39,1,1,1,9633.01,0,3,0,739,74609.195,0.034482758620689655,24.20689655172414,0,0,8.095791e-05
674,0,1,36,2,154525.7,1,0,1,27468.72,0,4,2,945,77262.85,0.027777777777777776,18.72222222222222,0,0,8.095351e-05
724,0,0,30,9,142475.87,1,1,1,107848.24,0,3,3,399,71237.935,0.03333333333333333,24.133333333333333,0,0,8.056176e-05
601,0,1,41,1,123971.16,1,0,1,172814.99,0,3,1,543,61985.58,0.024390243902439025,14.658536585365853,0,0,8.046863e-05
768,0,1,25,6,0.0,2,1,1,21215.67,0,3,2,928,0.0,0.08,30.72,0,0,8.002289e-05
686,1,0,43,5,154846.24,2,1,1,151903.6,0,5,0,546,77423.12,0.046511627906976744,15.953488372093023,0,0,7.988146e-05
633,0,1,35,10,0.0,2,1,0,65675.47,0,1,0,898,0.0,0.05714285714285714,18.085714285714285,0,0,7.977595e-05
564,0,1,31,4,0.0,2,1,0,53520.03,0,4,2,363,0.0,0.06451612903225806,18.193548387096776,0,0,7.8095094e-05
509,0,1,26,10,0.0,2,1,1,6177.83,0,5,2,425,0.0,0.07692307692307693,19.576923076923077,0,0,7.7624e-05
741,0,0,21,9,0.0,2,0,1,139259.54,0,5,3,781,0.0,0.09523809523809523,35.285714285714285,0,0,7.757116e-05
685,1,1,38,4,111798.06,2,1,1,102184.66,0,2,3,416,55899.03,0.05263157894736842,18.026315789473685,0,0,7.715222e-05
696,0,1,28,4,172646.82,1,1,1,116471.43,0,4,0,441,86323.41,0.03571428571428571,24.857142857142858,0,0,7.7126104e-05
730,0,1,34,5,122453.37,2,1,0,138882.98,0,4,0,822,122453.37,0.058823529411764705,21.470588235294116,0,0,7.675309e-05
592,0,1,39,7,0.0,2,1,0,83084.33,0,5,3,563,0.0,0.05128205128205128,15.179487179487179,0,0,7.672024e-05
621,0,1,31,7,136658.61,1,1,1,148689.13,0,4,1,564,68329.305,0.03225806451612903,20.032258064516128,0,0,7.6719356e-05
581,0,1,28,3,104367.5,1,1,1,29937.75,0,1,0,470,52183.75,0.03571428571428571,20.75,0,0,7.670216e-05
595,0,1,29,6,150685.79,1,1,0,87771.06,0,4,3,480,150685.79,0.034482758620689655,20.517241379310345,0,0,7.639033e-05
612,0,0,31,8,117989.76,1,1,1,54129.86,0,4,3,409,58994.88,0.03225806451612903,19.741935483870968,0,0,7.6020515e-05
600,0,0,32,7,98877.95,1,1,0,132973.21,0,4,0,668,98877.95,0.03125,18.75,0,0,7.5949865e-05
630,0,0,40,7,0.0,2,1,1,34453.17,0,4,1,777,0.0,0.05,15.75,0,0,7.585021e-05
639,0,0,27,2,0.0,2,0,0,125244.18,0,3,2,541,0.0,0.07407407407407407,23.666666666666668,0,0,7.577039e-05
758,2,1,35,5,0.0,2,1,0,95009.6,0,5,3,921,0.0,0.05714285714285714,21.65714285714286,0,0,7.576714e-05
720,0,1,33,2,0.0,2,0,1,141031.08,0,2,1,633,0.0,0.06060606060606061,21.818181818181817,0,0,7.561708e-05
507,0,0,29,4,89349.47,2,0,0,180626.68,0,3,1,889,89349.47,0.06896551724137931,17.482758620689655,0,0,7.5597105e-05
714,2,1,45,8,150900.29,2,0,1,139889.15,0,5,0,734,75450.145,0.044444444444444446,15.866666666666667,0,0,7.557649e-05
664,0,1,36,1,0.0,2,1,1,95372.64,0,4,2,507,0.0,0.05555555555555555,18.444444444444443,0,0,7.546919e-05
758,2,0,35,5,0.0,2,0,0,100365.51,0,1,0,833,0.0,0.05714285714285714,21.65714285714286,0,0,7.517104e-05
633,0,0,34,3,123034.43,2,1,1,38315.04,0,4,1,570,61517.215,0.058823529411764705,18.61764705882353,0,0,7.513191e-05
579,0,1,36,9,129829.59,1,1,1,60906.12,0,5,1,725,64914.795,0.027777777777777776,16.083333333333332,0,0,7.4910706e-05
701,1,1,38,3,125385.49,2,0,1,52044.66,0,2,0,805,62692.745,0.05263157894736842,18.44736842105263,0,0,7.480662e-05
758,1,1,33,0,129142.54,2,1,1,26606.28,0,5,0,464,64571.27,0.06060606060606061,22.96969696969697,0,0,7.472235e-05
579,0,1,39,5,0.0,2,0,1,39891.84,0,2,1,977,0.0,0.05128205128205128,14.846153846153847,0,0,7.464971e-05
510,0,0,32,1,0.0,2,0,1,28515.17,0,4,3,523,0.0,0.0625,15.9375,0,0,7.455502e-05
660,1,1,24,5,85089.3,1,1,1,71638.0,0,3,2,809,42544.65,0.041666666666666664,27.5,0,0,7.441226e-05
655,2,0,29,9,0.0,2,0,1,85736.26,0,5,0,686,0.0,0.06896551724137931,22.586206896551722,0,0,7.406861e-05
543,0,0,31,2,147674.26,1,1,1,16658.76,0,3,0,985,73837.13,0.03225806451612903,17.516129032258064,0,0,7.382223e-05
774,1,1,34,4,120875.23,2,0,1,113407.26,0,5,3,948,60437.615,0.058823529411764705,22.764705882352942,0,0,7.380611e-05
548,0,0,29,4,0.0,2,0,1,48673.18,0,4,0,504,0.0,0.06896551724137931,18.896551724137932,0,0,7.344762e-05
721,0,1,35,10,0.0,2,1,0,71594.26,0,4,0,383,0.0,0.05714285714285714,20.6,0,0,7.330117e-05
633,0,0,32,1,104001.38,1,0,1,36642.65,0,3,0,511,52000.69,0.03125,19.78125,0,0,7.327245e-05
674,0,0,21,9,120150.39,2,1,1,33964.03,0,3,0,515,60075.195,0.09523809523809523,32.095238095238095,0,0,7.323647e-05
663,0,1,22,6,0.0,2,0,1,131827.15,0,4,2,476,0.0,0.09090909090909091,30.136363636363637,0,0,7.276179e-05
596,0,0,39,10,86546.29,1,0,1,131768.98,0,3,0,890,43273.145,0.02564102564102564,15.282051282051283,0,0,7.252176e-05
593,1,0,38,5,142658.04,2,0,1,135337.11,0,1,1,698,71329.02,0.05263157894736842,15.605263157894736,0,0,7.241541e-05
597,2,1,35,0,127510.99,1,1,1,155356.34,0,4,3,868,63755.495,0.02857142857142857,17.057142857142857,0,0,7.239607e-05
438,0,0,36,4,0.0,2,1,0,64420.5,0,3,3,660,0.0,0.05555555555555555,12.166666666666666,0,0,7.1998686e-05
674,0,1,26,6,166257.96,1,1,1,149369.41,0,1,2,870,83128.98,0.038461538461538464,25.923076923076923,0,0,7.181622e-05
458,1,1,35,9,146780.52,2,1,1,3476.38,0,3,2,784,73390.26,0.05714285714285714,13.085714285714285,0,0,7.1717186e-05
433,2,1,27,2,0.0,2,1,1,153698.65,0,2,0,415,0.0,0.07407407407407407,16.037037037037038,0,0,7.1657436e-05
581,0,1,37,7,0.0,2,1,1,74320.75,0,1,3,754,0.0,0.05405405405405406,15.702702702702704,0,0,7.1628405e-05
591,0,1,24,6,147360.0,1,1,1,25310.82,0,3,3,602,73680.0,0.041666666666666664,24.625,0,0,7.1612085e-05
591,2,1,36,7,135216.8,1,1,1,122022.89,0,1,1,710,67608.4,0.027777777777777776,16.416666666666668,0,0,7.152254e-05
633,0,1,38,2,91902.56,2,1,1,107673.35,0,5,1,913,45951.28,0.05263157894736842,16.657894736842106,0,0,7.151006e-05
515,0,1,33,2,0.0,2,1,1,136028.97,0,4,2,625,0.0,0.06060606060606061,15.606060606060606,0,0,7.14892e-05
728,2,1,42,8,0.0,2,0,1,41823.22,0,5,0,785,0.0,0.047619047619047616,17.333333333333332,0,0,7.142283e-05
568,1,0,31,1,61592.14,2,1,1,61796.64,0,5,3,927,30796.07,0.06451612903225806,18.322580645161292,0,0,7.137775e-05
665,0,0,23,9,143672.9,1,1,1,115147.33,0,3,3,640,71836.45,0.043478260869565216,28.91304347826087,0,0,7.1083225e-05
621,1,0,31,8,100375.39,1,1,1,90384.26,0,5,0,467,50187.695,0.03225806451612903,20.032258064516128,0,0,7.067276e-05
633,0,0,30,6,0.0,2,0,0,41642.29,0,2,0,565,0.0,0.06666666666666667,21.1,0,0,7.0613605e-05
570,2,1,21,7,116099.82,1,1,1,148087.62,0,5,0,888,58049.91,0.047619047619047616,27.142857142857142,0,0,7.029434e-05
700,0,0,42,8,0.0,2,1,1,105305.72,0,4,3,528,0.0,0.047619047619047616,16.666666666666668,0,0,7.0266535e-05
663,0,1,28,4,0.0,2,1,1,123969.64,0,2,2,540,0.0,0.07142857142857142,23.678571428571427,0,0,7.02187e-05
714,0,0,31,4,125169.26,1,1,1,106636.89,0,3,2,669,62584.63,0.03225806451612903,23.032258064516128,0,0,7.01776e-05
759,0,1,42,4,105420.18,1,0,1,121409.06,0,3,1,435,52710.09,0.023809523809523808,18.071428571428573,0,0,7.01497e-05
603,0,1,35,6,128993.76,2,1,0,130483.56,0,4,0,733,128993.76,0.05714285714285714,17.228571428571428,0,0,6.995764e-05
690,0,0,42,5,0.0,2,0,1,120512.08,0,4,2,915,0.0,0.047619047619047616,16.428571428571427,0,0,6.990662e-05
619,1,1,23,5,132725.1,1,1,1,143913.33,0,3,2,531,66362.55,0.043478260869565216,26.91304347826087,0,0,6.980271e-05
541,0,0,32,4,0.0,1,1,1,114951.42,0,4,3,459,0.0,0.03125,16.90625,0,0,6.913509e-05
663,0,1,36,10,0.0,2,1,0,136349.55,0,5,2,839,0.0,0.05555555555555555,18.416666666666668,0,0,6.901362e-05
554,0,0,30,9,0.0,2,1,1,40320.3,0,5,2,510,0.0,0.06666666666666667,18.466666666666665,0,0,6.894488e-05
516,2,0,31,3,0.0,2,1,0,124202.26,0,1,3,413,0.0,0.06451612903225806,16.64516129032258,0,0,6.838725e-05
663,0,1,33,5,157274.36,2,1,1,28531.81,0,2,1,368,78637.18,0.06060606060606061,20.09090909090909,0,0,6.828156e-05
743,1,0,32,6,140348.56,2,1,1,163254.39,0,1,2,707,70174.28,0.0625,23.21875,0,0,6.813254e-05
558,1,1,26,1,148853.29,2,1,1,24411.02,0,5,3,407,74426.645,0.07692307692307693,21.46153846153846,0,0,6.78894e-05
604,2,0,28,6,0.0,2,1,1,69056.26,0,4,3,634,0.0,0.07142857142857142,21.571428571428573,0,0,6.774124e-05
683,0,0,35,6,187530.66,2,1,1,37976.36,0,3,3,511,93765.33,0.05714285714285714,19.514285714285716,0,0,6.73222e-05
578,0,1,23,10,88980.32,1,1,1,125222.36,0,5,2,813,44490.16,0.043478260869565216,25.130434782608695,0,0,6.7045046e-05
690,1,1,32,0,106683.52,2,1,1,137916.49,0,1,2,615,53341.76,0.0625,21.5625,0,0,6.699948e-05
573,2,1,41,5,0.0,2,0,1,14479.29,0,3,1,508,0.0,0.04878048780487805,13.975609756097562,0,0,6.658127e-05
597,0,0,28,0,142705.95,1,1,0,127233.39,0,4,2,845,142705.95,0.03571428571428571,21.321428571428573,0,0,6.6542365e-05
629,1,1,35,7,156847.29,2,1,0,31824.29,0,4,3,837,156847.29,0.05714285714285714,17.97142857142857,0,0,6.6418994e-05
704,1,1,41,9,62078.21,2,1,0,129050.67,0,3,2,981,62078.21,0.04878048780487805,17.170731707317074,0,0,6.595477e-05
701,2,0,39,9,0.0,2,1,1,110043.88,0,1,1,693,0.0,0.05128205128205128,17.974358974358974,0,0,6.593955e-05
616,0,1,31,1,0.0,2,1,1,54706.75,0,3,0,852,0.0,0.06451612903225806,19.870967741935484,0,0,6.534351e-05
426,0,1,34,9,0.0,2,1,0,107876.91,0,2,2,767,0.0,0.058823529411764705,12.529411764705882,0,0,6.520924e-05
740,0,1,36,4,172381.8,1,1,1,86480.29,0,3,1,444,86190.9,0.027777777777777776,20.555555555555557,0,0,6.51607e-05
465,0,1,33,5,0.0,2,0,1,78698.09,0,5,1,1000,0.0,0.06060606060606061,14.090909090909092,0,0,6.492376e-05
708,2,1,33,3,0.0,2,1,0,138613.21,0,5,0,729,0.0,0.06060606060606061,21.454545454545453,0,0,6.4388645e-05
631,1,0,33,4,123246.7,1,0,0,112687.57,0,3,3,662,123246.7,0.030303030303030304,19.12121212121212,0,0,6.419962e-05
622,2,1,39,9,0.0,2,0,1,100862.36,0,2,2,814,0.0,0.05128205128205128,15.948717948717949,0,0,6.383024e-05
724,0,0,32,6,0.0,2,1,1,150026.79,0,4,2,480,0.0,0.0625,22.625,0,0,6.373292e-05
594,1,1,28,0,142574.71,2,1,0,129084.82,0,5,1,689,142574.71,0.07142857142857142,21.214285714285715,0,0,6.355188e-05
526,0,1,28,1,112070.44,1,0,1,126281.83,0,4,0,486,56035.22,0.03571428571428571,18.785714285714285,0,0,6.3435444e-05
683,0,1,36,5,115350.63,1,1,1,122305.91,0,5,0,398,57675.315,0.027777777777777776,18.97222222222222,0,0,6.342262e-05
653,2,1,30,4,0.0,2,1,0,120736.04,0,5,0,739,0.0,0.06666666666666667,21.766666666666666,0,0,6.324415e-05
669,2,0,33,8,0.0,2,0,1,128538.05,0,1,2,565,0.0,0.06060606060606061,20.272727272727273,0,0,6.31284e-05
678,1,1,36,3,145747.67,2,0,1,89566.74,0,1,3,824,72873.835,0.05555555555555555,18.833333333333332,0,0,6.2915475e-05
687,0,1,38,0,144450.58,1,0,1,137276.83,0,3,3,385,72225.29,0.02631578947368421,18.07894736842105,0,0,6.2766914e-05
649,0,0,36,2,0.0,2,0,1,75035.48,0,3,3,984,0.0,0.05555555555555555,18.02777777777778,0,0,6.2489264e-05
701,2,0,34,6,107980.37,1,1,1,119374.74,0,3,2,563,53990.185,0.029411764705882353,20.61764705882353,0,0,6.2235325e-05
750,2,0,36,8,112940.07,1,0,1,9855.81,0,3,1,447,56470.035,0.027777777777777776,20.833333333333332,0,0,6.217233e-05
657,2,1,29,7,83889.03,1,1,0,153059.62,0,3,3,682,83889.03,0.034482758620689655,22.655172413793103,0,0,6.2152416e-05
642,0,0,33,4,84607.34,2,0,1,60059.47,0,5,1,880,42303.67,0.06060606060606061,19.454545454545453,0,0,6.21469e-05
546,0,0,27,8,0.0,2,1,1,14858.1,0,2,3,776,0.0,0.07407407407407407,20.22222222222222,0,0,6.20405e-05
607,0,0,27,2,0.0,2,1,0,63495.86,0,3,0,377,0.0,0.07407407407407407,22.48148148148148,0,0,6.191874e-05
682,0,1,40,4,0.0,2,1,1,140745.91,0,5,3,819,0.0,0.05,17.05,0,0,6.189058e-05
760,0,0,32,7,0.0,2,1,1,105969.05,0,4,3,843,0.0,0.0625,23.75,0,0,6.184274e-05
723,0,1,28,4,0.0,2,1,1,123885.88,0,5,3,467,0.0,0.07142857142857142,25.821428571428573,0,0,6.157863e-05
651,0,0,25,8,0.0,2,1,1,126761.2,0,2,2,886,0.0,0.08,26.04,0,0,6.1465864e-05
755,1,0,33,6,90560.3,2,1,1,42607.69,0,4,0,578,45280.15,0.06060606060606061,22.87878787878788,0,0,6.1315935e-05
559,0,1,34,4,0.0,2,1,1,66721.98,0,2,1,784,0.0,0.058823529411764705,16.441176470588236,0,0,6.121422e-05
723,0,1,34,5,0.0,2,0,1,12092.03,0,4,0,607,0.0,0.058823529411764705,21.264705882352942,0,0,6.10652e-05
439,0,1,36,2,165536.28,2,1,1,123956.83,0,3,0,877,82768.14,0.05555555555555555,12.194444444444445,0,0,6.0730174e-05
555,2,0,35,1,0.0,2,1,0,101667.0,0,4,3,417,0.0,0.05714285714285714,15.857142857142858,0,0,6.070487e-05
582,0,1,31,2,0.0,2,1,1,33747.03,0,4,1,413,0.0,0.06451612903225806,18.774193548387096,0,0,6.066158e-05
640,0,0,29,4,0.0,2,1,0,44904.26,0,3,1,758,0.0,0.06896551724137931,22.06896551724138,0,0,6.052891e-05
722,0,1,34,8,0.0,2,1,1,133447.49,0,1,0,523,0.0,0.058823529411764705,21.235294117647058,0,0,6.045e-05
660,1,1,31,9,125189.75,2,1,1,139874.43,0,5,1,612,62594.875,0.06451612903225806,21.29032258064516,0,0,6.037338e-05
749,0,1,42,1,129776.72,2,0,1,143538.51,0,5,0,942,64888.36,0.047619047619047616,17.833333333333332,0,0,6.035001e-05
597,0,0,33,6,135703.59,2,0,0,74850.84,0,3,3,438,135703.59,0.06060606060606061,18.09090909090909,0,0,6.015391e-05
681,0,1,34,7,0.0,2,0,0,130686.59,0,4,0,742,0.0,0.058823529411764705,20.029411764705884,0,0,5.9686496e-05
622,2,0,23,8,0.0,2,1,1,131389.39,0,3,3,390,0.0,0.08695652173913043,27.043478260869566,0,0,5.962363e-05
615,1,0,44,9,126104.98,2,0,1,110718.02,0,3,3,684,63052.49,0.045454545454545456,13.977272727272727,0,0,5.953892e-05
610,0,0,27,9,159561.93,1,0,1,103381.47,0,3,0,513,79780.965,0.037037037037037035,22.59259259259259,0,0,5.9509628e-05
541,0,1,34,3,128743.55,1,1,0,134851.12,0,3,0,430,128743.55,0.029411764705882353,15.911764705882353,0,0,5.9024373e-05
668,2,1,32,1,134446.04,1,0,1,111241.37,0,4,2,503,67223.02,0.03125,20.875,0,0,5.9005066e-05
576,0,1,32,7,0.0,2,1,0,4660.91,0,5,2,722,0.0,0.0625,18.0,0,0,5.8963724e-05
521,0,1,22,5,0.0,2,1,1,99828.45,0,1,2,782,0.0,0.09090909090909091,23.681818181818183,0,0,5.8945672e-05
746,2,1,49,7,0.0,2,0,1,10096.25,0,3,0,479,0.0,0.04081632653061224,15.224489795918368,0,0,5.8631562e-05
615,0,1,32,7,92199.84,1,1,1,2755.53,0,3,3,721,46099.92,0.03125,19.21875,0,0,5.8408397e-05
584,2,1,32,5,0.0,2,1,0,10956.82,0,1,2,735,0.0,0.0625,18.25,0,0,5.7997615e-05
682,0,1,38,4,107192.38,1,1,1,15669.17,0,3,2,459,53596.19,0.02631578947368421,17.94736842105263,0,0,5.7972287e-05
684,0,0,34,6,0.0,2,1,1,130928.22,0,3,3,372,0.0,0.058823529411764705,20.11764705882353,0,0,5.7970745e-05
525,2,0,25,10,0.0,2,1,0,69361.95,0,5,1,428,0.0,0.08,21.0,0,0,5.7676287e-05
710,2,0,31,5,0.0,2,1,0,9561.73,0,3,2,877,0.0,0.06451612903225806,22.903225806451612,0,0,5.758429e-05
608,0,0,41,5,0.0,2,1,1,72462.25,0,5,1,445,0.0,0.04878048780487805,14.829268292682928,0,0,5.7571113e-05
678,0,0,34,6,0.0,2,1,1,124592.84,0,2,1,516,0.0,0.058823529411764705,19.941176470588236,0,0,5.7559966e-05
613,0,1,20,3,0.0,2,1,1,149613.77,0,1,1,817,0.0,0.1,30.65,0,0,5.6951776e-05
524,0,0,28,7,0.0,2,0,1,147100.72,0,1,2,983,0.0,0.07142857142857142,18.714285714285715,0,0,5.6882032e-05
683,2,1,34,9,114609.55,2,0,1,25339.29,0,5,0,739,57304.775,0.058823529411764705,20.08823529411765,0,0,5.671845e-05
631,1,0,29,2,96863.52,2,1,1,31613.35,0,3,0,958,48431.76,0.06896551724137931,21.75862068965517,0,0,5.643402e-05
718,0,1,35,8,0.0,2,1,0,94820.85,0,5,2,769,0.0,0.05714285714285714,20.514285714285716,0,0,5.6303717e-05
606,0,0,36,10,0.0,2,0,1,155641.46,0,2,3,813,0.0,0.05555555555555555,16.833333333333332,0,0,5.6011e-05
602,0,1,38,7,111835.94,2,1,0,124389.61,0,3,3,855,111835.94,0.05263157894736842,15.842105263157896,0,0,5.600069e-05
596,2,1,67,6,0.0,2,1,1,138350.74,0,3,2,727,0.0,0.029850746268656716,8.895522388059701,0,0,5.5663295e-05
498,0,1,34,5,0.0,2,1,1,91711.66,0,1,1,949,0.0,0.058823529411764705,14.647058823529411,0,0,5.544021e-05
687,2,0,29,7,93617.07,1,0,1,113050.92,0,2,2,856,46808.535,0.034482758620689655,23.689655172413794,0,0,5.4921893e-05
582,0,1,29,4,0.0,2,0,0,156153.27,0,5,0,548,0.0,0.06896551724137931,20.06896551724138,0,0,5.469203e-05
565,1,1,31,2,89558.39,2,1,1,4441.54,0,3,3,772,44779.195,0.06451612903225806,18.225806451612904,0,0,5.467847e-05
573,0,1,26,8,86270.93,2,1,1,90177.3,0,5,1,430,43135.465,0.07692307692307693,22.03846153846154,0,0,5.4478664e-05
619,1,0,33,3,100488.92,2,0,1,36446.74,0,4,2,522,50244.46,0.06060606060606061,18.757575757575758,0,0,5.38441e-05
545,1,1,37,9,95829.13,2,0,1,104936.88,0,5,1,406,47914.565,0.05405405405405406,14.72972972972973,0,0,5.3763295e-05
532,0,1,36,4,0.0,2,1,1,132798.78,0,2,1,726,0.0,0.05555555555555555,14.777777777777779,0,0,5.369085e-05
608,1,1,34,3,106288.54,1,1,1,36639.25,0,3,3,388,53144.27,0.029411764705882353,17.88235294117647,0,0,5.3596614e-05
465,2,0,33,6,0.0,2,1,1,95500.98,0,4,2,927,0.0,0.06060606060606061,14.090909090909092,0,0,5.3375e-05
445,0,0,30,3,0.0,2,1,1,127939.19,0,2,2,842,0.0,0.06666666666666667,14.833333333333334,0,0,5.336808e-05
711,2,1,32,5,0.0,2,1,1,147720.27,0,2,0,521,0.0,0.0625,22.21875,0,0,5.3297634e-05
747,1,0,32,5,67495.04,2,0,1,77370.37,0,4,2,885,33747.52,0.0625,23.34375,0,0,5.3105105e-05
676,0,1,38,8,0.0,2,1,1,133692.88,0,2,0,864,0.0,0.05263157894736842,17.789473684210527,0,0,5.286252e-05
511,0,1,27,8,0.0,2,1,1,49089.36,0,2,3,865,0.0,0.07407407407407407,18.925925925925927,0,0,5.2857937e-05
628,0,1,33,6,0.0,2,0,0,184230.23,0,3,3,529,0.0,0.06060606060606061,19.03030303030303,0,0,5.284463e-05
491,1,1,26,4,102251.14,1,1,1,145900.89,0,3,3,921,51125.57,0.038461538461538464,18.884615384615383,0,0,5.282337e-05
687,0,1,34,7,129895.19,1,0,1,28698.17,0,3,1,478,64947.595,0.029411764705882353,20.205882352941178,0,0,5.2685373e-05
625,0,1,39,2,0.0,2,1,0,100403.05,0,3,2,452,0.0,0.05128205128205128,16.025641025641026,0,0,5.2591757e-05
585,0,1,36,7,0.0,2,1,0,94283.09,0,4,3,377,0.0,0.05555555555555555,16.25,0,0,5.2443113e-05
680,2,0,34,7,0.0,2,1,0,98949.85,0,5,2,912,0.0,0.058823529411764705,20.0,0,0,5.2264328e-05
605,1,1,19,8,166133.28,1,1,1,107994.99,0,5,0,870,83066.64,0.05263157894736842,31.842105263157894,0,0,5.21441e-05
702,2,1,30,2,0.0,2,1,1,145537.32,0,3,1,786,0.0,0.06666666666666667,23.4,0,0,5.1802515e-05
550,0,1,31,5,142200.19,2,1,1,122221.71,0,4,2,878,71100.095,0.06451612903225806,17.741935483870968,0,0,5.168177e-05
613,0,1,37,9,108286.5,1,1,1,114153.44,0,5,1,656,54143.25,0.02702702702702703,16.56756756756757,0,0,5.1666742e-05
481,0,0,34,5,0.0,2,1,1,125253.46,0,4,2,848,0.0,0.058823529411764705,14.147058823529411,0,0,5.1372353e-05
647,0,0,35,6,112668.7,1,0,1,122584.29,0,3,2,525,56334.35,0.02857142857142857,18.485714285714284,0,0,5.128528e-05
593,0,1,32,6,99162.29,1,1,0,128384.11,0,5,2,501,99162.29,0.03125,18.53125,0,0,5.1127747e-05
586,2,1,42,6,0.0,2,1,1,123410.23,0,4,0,378,0.0,0.047619047619047616,13.952380952380953,0,0,5.077819e-05
724,0,0,34,2,0.0,2,1,1,118863.38,0,4,1,467,0.0,0.058823529411764705,21.294117647058822,0,0,5.066549e-05
732,0,1,46,0,0.0,2,1,1,184350.78,0,3,0,461,0.0,0.043478260869565216,15.91304347826087,0,0,5.016008e-05
630,0,1,33,9,0.0,2,1,0,64804.59,0,4,2,864,0.0,0.06060606060606061,19.09090909090909,0,0,5.0144205e-05
609,0,1,39,3,121778.71,1,1,1,138399.67,0,3,2,985,60889.355,0.02564102564102564,15.615384615384615,0,0,5.0000093e-05
667,2,1,31,5,0.0,2,1,1,20346.69,0,4,2,823,0.0,0.06451612903225806,21.516129032258064,0,0,4.97904e-05
577,2,0,33,6,0.0,2,1,0,57975.8,0,2,2,893,0.0,0.06060606060606061,17.484848484848484,0,0,4.9736966e-05
608,2,0,38,9,102406.76,1,0,1,57600.66,0,3,3,516,51203.38,0.02631578947368421,16.0,0,0,4.9721508e-05
587,0,1,33,8,148163.57,1,0,0,122925.4,0,3,0,454,148163.57,0.030303030303030304,17.78787878787879,0,0,4.9404076e-05
581,0,1,31,3,0.0,2,0,0,89040.61,0,3,2,557,0.0,0.06451612903225806,18.741935483870968,0,0,4.9138274e-05
629,2,1,34,6,0.0,2,1,0,190347.72,0,3,0,741,0.0,0.058823529411764705,18.5,0,0,4.8974918e-05
592,1,1,36,10,123187.51,1,0,1,146111.35,0,3,2,416,61593.755,0.027777777777777776,16.444444444444443,0,0,4.8872185e-05
488,0,0,22,6,0.0,2,1,1,66393.89,0,4,3,826,0.0,0.09090909090909091,22.181818181818183,0,0,4.8835005e-05
502,0,0,35,6,0.0,2,1,1,80618.47,0,5,2,808,0.0,0.05714285714285714,14.342857142857143,0,0,4.8726248e-05
652,2,0,40,7,100471.34,1,1,1,124550.88,0,3,1,840,50235.67,0.025,16.3,0,0,4.8660077e-05
721,0,1,36,1,155176.83,2,1,1,49653.37,0,5,3,667,77588.415,0.05555555555555555,20.02777777777778,0,0,4.8554066e-05
589,0,1,28,7,0.0,2,1,0,151645.96,0,4,3,553,0.0,0.07142857142857142,21.035714285714285,0,0,4.7992857e-05
682,1,1,32,2,105163.88,2,1,1,164170.46,0,3,0,799,52581.94,0.0625,21.3125,0,0,4.781912e-05
571,0,1,34,1,99325.04,2,0,1,186052.15,0,3,0,922,49662.52,0.058823529411764705,16.794117647058822,0,0,4.7613765e-05
683,0,0,29,9,0.0,2,1,1,48849.89,0,3,1,468,0.0,0.06896551724137931,23.551724137931036,0,0,4.750958e-05
596,2,1,36,2,0.0,2,0,1,125557.95,0,4,3,867,0.0,0.05555555555555555,16.555555555555557,0,0,4.7438683e-05
503,2,1,37,6,0.0,2,0,0,136506.86,0,3,3,717,0.0,0.05405405405405406,13.594594594594595,0,0,4.699947e-05
606,1,1,40,1,144757.97,2,1,1,166656.18,0,3,3,743,72378.985,0.05,15.15,0,0,4.6886344e-05
505,1,0,25,5,114268.85,2,1,1,126728.27,0,2,3,943,57134.425,0.08,20.2,0,0,4.6705074e-05
666,1,1,38,6,99812.88,2,1,1,158357.97,0,2,2,671,49906.44,0.05263157894736842,17.526315789473685,0,0,4.629357e-05
582,0,0,32,4,0.0,2,1,0,59668.81,0,4,3,727,0.0,0.0625,18.1875,0,0,4.5668516e-05
628,1,0,28,3,153538.13,2,1,0,110776.01,0,4,1,579,153538.13,0.07142857142857142,22.428571428571427,0,0,4.5491215e-05
703,0,0,42,7,0.0,2,0,1,72500.68,0,3,0,449,0.0,0.047619047619047616,16.738095238095237,0,0,4.492876e-05
593,0,0,32,3,0.0,2,1,1,151978.36,0,3,1,571,0.0,0.0625,18.53125,0,0,4.4545654e-05
567,2,1,29,8,0.0,2,1,0,156125.72,0,3,1,914,0.0,0.06896551724137931,19.551724137931036,0,0,4.4534187e-05
586,2,0,33,10,66948.67,2,1,1,140759.03,0,1,3,825,33474.335,0.06060606060606061,17.757575757575758,0,0,4.416215e-05
497,0,1,32,8,0.0,2,1,0,67364.42,0,3,1,418,0.0,0.0625,15.53125,0,0,4.3818825e-05
613,0,1,41,7,0.0,2,1,0,60297.72,0,3,0,776,0.0,0.04878048780487805,14.951219512195122,0,0,4.3775763e-05
592,1,0,34,6,102143.93,2,1,1,102628.98,0,2,1,962,51071.965,0.058823529411764705,17.41176470588235,0,0,4.3763575e-05
678,0,0,32,5,0.0,2,1,0,90284.47,0,2,1,783,0.0,0.0625,21.1875,0,0,4.3602606e-05
707,0,0,35,9,0.0,2,1,1,70403.65,0,2,3,860,0.0,0.05714285714285714,20.2,0,0,4.3112526e-05
527,0,0,25,6,0.0,2,0,1,96758.58,0,3,3,430,0.0,0.08,21.08,0,0,4.295019e-05
579,0,0,29,10,73194.52,2,1,1,129209.09,0,1,2,853,36597.26,0.06896551724137931,19.96551724137931,0,0,4.2766555e-05
655,0,1,37,4,0.0,2,1,1,142415.97,0,3,2,774,0.0,0.05405405405405406,17.7027027027027,0,0,4.27597e-05
684,1,1,32,3,102630.13,2,1,1,127433.47,0,2,0,684,51315.065,0.0625,21.375,0,0,4.2599953e-05
652,1,1,35,7,104015.54,2,1,1,55207.88,0,1,2,926,52007.77,0.05714285714285714,18.62857142857143,0,0,4.2412717e-05
577,2,1,43,6,0.0,2,1,1,149457.81,0,3,0,446,0.0,0.046511627906976744,13.418604651162791,0,0,4.234999e-05
702,1,0,36,2,105264.88,2,1,1,52909.87,0,3,1,898,52632.44,0.05555555555555555,19.5,0,0,4.1525436e-05
628,0,1,39,6,0.0,2,0,0,134441.6,0,3,2,887,0.0,0.05128205128205128,16.102564102564102,0,0,3.9747607e-05
556,0,1,34,8,163757.06,1,1,1,104000.06,0,3,2,719,81878.53,0.029411764705882353,16.352941176470587,0,0,3.958691e-05
605,0,0,33,4,0.0,2,0,1,83700.66,0,3,0,550,0.0,0.06060606060606061,18.333333333333332,0,0,3.937858e-05
584,2,0,29,4,0.0,2,1,0,88866.92,0,3,0,781,0.0,0.06896551724137931,20.137931034482758,0,0,3.9062907e-05
624,0,1,36,6,0.0,2,0,0,84749.96,0,3,1,747,0.0,0.05555555555555555,17.333333333333332,0,0,3.8586775e-05
515,0,0,28,9,0.0,2,0,0,94141.75,0,3,2,772,0.0,0.07142857142857142,18.392857142857142,0,0,3.764883e-05
552,0,0,34,5,0.0,2,1,1,1351.41,0,3,3,712,0.0,0.058823529411764705,16.235294117647058,0,0,3.706145e-05
565,1,1,33,8,130368.31,2,1,0,105642.43,0,3,1,860,130368.31,0.06060606060606061,17.12121212121212,0,0,3.6421843e-05
591,0,1,29,6,0.0,2,1,1,108684.65,0,3,3,578,0.0,0.06896551724137931,20.379310344827587,0,0,3.6363712e-05
659,0,1,20,8,0.0,2,0,0,112572.02,0,5,1,833,0.0,0.1,32.95,0,0,3.607458e-05
609,0,1,26,7,0.0,2,1,0,98463.99,0,3,3,817,0.0,0.07692307692307693,23.423076923076923,0,0,3.5728954e-05
650,2,1,20,8,0.0,2,1,1,113469.65,0,4,2,776,0.0,0.1,32.5,0,0,3.545109e-05
503,0,0,28,5,0.0,2,1,0,125918.17,0,2,2,868,0.0,0.07142857142857142,17.964285714285715,0,0,3.5309113e-05
490,0,1,33,1,0.0,2,1,1,80792.83,0,3,0,861,0.0,0.06060606060606061,14.848484848484848,0,0,3.506934e-05
604,2,1,40,5,155455.43,1,0,1,113581.85,0,4,1,742,77727.715,0.025,15.1,0,0,3.457017e-05
670,0,0,38,4,119624.54,2,1,1,110472.12,0,4,2,732,59812.27,0.05263157894736842,17.63157894736842,0,0,3.396008e-05
730,0,1,34,1,0.0,2,1,1,126592.01,0,3,0,865,0.0,0.058823529411764705,21.470588235294116,0,0,3.3227596e-05
656,0,1,36,8,97786.08,2,0,1,21478.36,0,3,2,662,48893.04,0.05555555555555555,18.22222222222222,0,0,3.215834e-05
606,2,1,36,0,94153.56,1,0,1,120138.27,0,3,0,937,47076.78,0.027777777777777776,16.833333333333332,0,0,3.090353e-05
580,0,0,35,8,0.0,2,0,1,10357.03,0,3,1,717,0.0,0.05714285714285714,16.571428571428573,0,0,2.9975732e-05
526,2,1,35,5,0.0,2,1,1,105618.14,0,3,2,557,0.0,0.05714285714285714,15.028571428571428,0,0,2.8425731e-05
608,1,0,38,8,103653.51,2,1,1,137079.86,0,3,3,843,51826.755,0.05263157894736842,16.0,0,0,2.5246934e-05
706,1,1,38,5,163034.82,2,1,1,135662.17,0,3,0,826,81517.41,0.05263157894736842,18.57894736842105,0,0,2.3274455e-05
577,0,0,35,10,0.0,2,1,1,25161.61,0,3,2,723,0.0,0.05714285714285714,16.485714285714284,0,0,2.0806727e-05
633,1,1,40,5,86172.81,2,1,1,117279.49,0,3,0,531,43086.405,0.05,15.825,0,0,2.0687658e-05
604,0,1,36,6,116229.85,2,1,1,79633.38,0,3,2,684,58114.925,0.05555555555555555,16.77777777777778,0,0,1.8916955e-05
640,0,0,33,6,84719.13,2,1,1,113048.79,0,3,3,853,42359.565,0.06060606060606061,19.393939393939394,0,0,8.016244e-06
